{"stats":{"minecraft:killed":{"minecraft:pig":12,"minecraft:sheep":11,"minecraft:pillager":2,"minecraft:cow":9},"minecraft:mined":{"minecraft:white_bed":7,"minecraft:smoker":3,"minecraft:crafting_table":6,"minecraft:short_grass":24,"minecraft:grass_block":3,"minecraft:melon":5,"minecraft:tall_grass":4,"minecraft:sugar_cane":2,"minecraft:birch_log":6,"minecraft:iron_ore":6,"minecraft:birch_leaves":2,"minecraft:coal_ore":38,"minecraft:oak_log":86,"minecraft:cocoa":1,"minecraft:bamboo":2,"minecraft:stone":11,"minecraft:oak_leaves":14,"minecraft:fern":1},"minecraft:broken":{"minecraft:stone_axe":1,"minecraft:wooden_axe":1},"minecraft:picked_up":{"minecraft:birch_log":6,"minecraft:cocoa_beans":3,"minecraft:crafting_table":6,"minecraft:ominous_bottle":1,"minecraft:leather":11,"minecraft:smoker":3,"minecraft:pink_wool":1,"minecraft:oak_log":86,"minecraft:dirt":3,"minecraft:white_banner":1,"minecraft:apple":5,"minecraft:wheat_seeds":1,"minecraft:beef":19,"minecraft:oak_boat":2,"minecraft:bamboo":14,"minecraft:melon_slice":25,"minecraft:sugar_cane":4,"minecraft:stick":18,"minecraft:raw_iron":6,"minecraft:porkchop":26,"minecraft:white_bed":7,"minecraft:oak_sapling":20,"minecraft:mutton":15,"minecraft:coal":99,"minecraft:white_wool":10,"minecraft:cobblestone":13},"minecraft:custom":{"minecraft:mob_kills":34,"minecraft:interact_with_crafting_table":6,"minecraft:time_since_death":92079,"minecraft:leave_game":4,"minecraft:sleep_in_bed":4,"minecraft:climb_one_cm":238,"minecraft:time_since_rest":3894,"minecraft:sprint_one_cm":467729,"minecraft:damage_taken":5734,"minecraft:walk_one_cm":220154,"minecraft:damage_dealt":3551,"minecraft:swim_one_cm":28554,"minecraft:fly_one_cm":785678,"minecraft:open_chest":5,"minecraft:crouch_one_cm":3202,"minecraft:play_time":99344,"minecraft:deaths":6,"minecraft:sneak_time":613,"minecraft:walk_under_water_one_cm":5978,"minecraft:boat_one_cm":121852,"minecraft:jump":3203,"minecraft:walk_on_water_one_cm":5146,"minecraft:interact_with_smoker":7,"minecraft:total_world_time":99344,"minecraft:fall_one_cm":136881},"minecraft:used":{"minecraft:stone_sword":15,"minecraft:birch_boat":1,"minecraft:white_wool":2,"minecraft:mutton":9,"minecraft:crafting_table":6,"minecraft:white_bed":7,"minecraft:smoker":2,"minecraft:wooden_axe":44,"minecraft:apple":6,"minecraft:iron_pickaxe":59,"minecraft:pink_wool":1,"minecraft:stone_axe":118,"minecraft:beef":11,"minecraft:white_banner":1,"minecraft:porkchop":26,"minecraft:oak_boat":3,"minecraft:cooked_beef":8},"minecraft:crafted":{"minecraft:cooked_beef":8,"minecraft:oak_planks":24,"minecraft:crafting_table":2,"minecraft:wooden_pickaxe":1,"minecraft:birch_boat":1,"minecraft:birch_planks":24,"minecraft:stone_axe":3,"minecraft:air":0,"minecraft:oak_boat":1,"minecraft:stick":12,"minecraft:wooden_axe":1,"minecraft:stone_sword":1,"minecraft:white_bed":1,"minecraft:stone_hoe":1}},"DataVersion":3953}