{"stats":{"minecraft:mined":{"minecraft:white_bed":5,"minecraft:iron_ore":3,"minecraft:birch_log":6,"minecraft:smoker":2,"minecraft:crafting_table":5,"minecraft:short_grass":22,"minecraft:coal_ore":26,"minecraft:oak_log":82,"minecraft:stone":8,"minecraft:sugar_cane":2,"minecraft:oak_leaves":4},"minecraft:killed":{"minecraft:sheep":6,"minecraft:pillager":2,"minecraft:pig":5,"minecraft:cow":4},"minecraft:broken":{"minecraft:wooden_axe":1},"minecraft:picked_up":{"minecraft:birch_log":6,"minecraft:stick":14,"minecraft:raw_iron":3,"minecraft:crafting_table":5,"minecraft:ominous_bottle":1,"minecraft:leather":3,"minecraft:smoker":2,"minecraft:pink_wool":1,"minecraft:porkchop":12,"minecraft:oak_log":82,"minecraft:white_bed":5,"minecraft:white_banner":1,"minecraft:apple":4,"minecraft:wheat_seeds":1,"minecraft:beef":10,"minecraft:oak_boat":2,"minecraft:oak_sapling":15,"minecraft:sugar_cane":4,"minecraft:mutton":8,"minecraft:coal":51,"minecraft:white_wool":5,"minecraft:cobblestone":10},"minecraft:custom":{"minecraft:time_since_rest":10717,"minecraft:sprint_one_cm":277058,"minecraft:damage_taken":5184,"minecraft:walk_one_cm":135459,"minecraft:mob_kills":17,"minecraft:damage_dealt":1951,"minecraft:swim_one_cm":4921,"minecraft:interact_with_crafting_table":5,"minecraft:fly_one_cm":450472,"minecraft:open_chest":3,"minecraft:crouch_one_cm":814,"minecraft:play_time":63370,"minecraft:deaths":6,"minecraft:sneak_time":200,"minecraft:walk_under_water_one_cm":2215,"minecraft:boat_one_cm":43788,"minecraft:jump":1685,"minecraft:leave_game":4,"minecraft:walk_on_water_one_cm":3076,"minecraft:time_since_death":56105,"minecraft:sleep_in_bed":2,"minecraft:interact_with_smoker":3,"minecraft:total_world_time":63370,"minecraft:fall_one_cm":88558},"minecraft:used":{"minecraft:wooden_axe":44,"minecraft:apple":5,"minecraft:iron_pickaxe":40,"minecraft:birch_boat":1,"minecraft:pink_wool":1,"minecraft:stone_axe":77,"minecraft:white_wool":2,"minecraft:mutton":8,"minecraft:beef":8,"minecraft:crafting_table":5,"minecraft:porkchop":12,"minecraft:oak_boat":2,"minecraft:white_bed":5,"minecraft:cooked_beef":2,"minecraft:smoker":1},"minecraft:crafted":{"minecraft:cooked_beef":2,"minecraft:oak_boat":1,"minecraft:oak_planks":24,"minecraft:crafting_table":2,"minecraft:stick":12,"minecraft:wooden_pickaxe":1,"minecraft:birch_boat":1,"minecraft:wooden_axe":1,"minecraft:white_bed":1,"minecraft:birch_planks":24,"minecraft:stone_axe":1,"minecraft:air":0}},"DataVersion":3953}