{"stats":{"minecraft:crafted":{"minecraft:oak_boat":1,"minecraft:oak_planks":24,"minecraft:crafting_table":1,"minecraft:stick":4,"minecraft:wooden_pickaxe":1,"minecraft:birch_boat":1,"minecraft:wooden_axe":1,"minecraft:white_bed":1,"minecraft:birch_planks":24},"minecraft:picked_up":{"minecraft:birch_log":6,"minecraft:crafting_table":4,"minecraft:smoker":1,"minecraft:pink_wool":1,"minecraft:porkchop":9,"minecraft:oak_log":6,"minecraft:white_bed":1,"minecraft:wheat_seeds":1,"minecraft:oak_boat":1,"minecraft:sugar_cane":4,"minecraft:mutton":8,"minecraft:white_wool":5},"minecraft:custom":{"minecraft:time_since_rest":8562,"minecraft:sprint_one_cm":132412,"minecraft:damage_taken":4760,"minecraft:walk_one_cm":78670,"minecraft:mob_kills":9,"minecraft:damage_dealt":780,"minecraft:swim_one_cm":3758,"minecraft:interact_with_crafting_table":4,"minecraft:fly_one_cm":173894,"minecraft:open_chest":3,"minecraft:crouch_one_cm":811,"minecraft:play_time":27307,"minecraft:deaths":6,"minecraft:sneak_time":198,"minecraft:walk_under_water_one_cm":1335,"minecraft:boat_one_cm":32103,"minecraft:jump":719,"minecraft:leave_game":3,"minecraft:time_since_death":20042,"minecraft:walk_on_water_one_cm":2336,"minecraft:interact_with_smoker":1,"minecraft:total_world_time":27307,"minecraft:fall_one_cm":60801},"minecraft:killed":{"minecraft:sheep":6,"minecraft:pig":3},"minecraft:mined":{"minecraft:white_bed":1,"minecraft:birch_log":6,"minecraft:smoker":1,"minecraft:crafting_table":4,"minecraft:short_grass":15,"minecraft:oak_log":6,"minecraft:sugar_cane":2},"minecraft:used":{"minecraft:wooden_axe":24,"minecraft:apple":1,"minecraft:iron_pickaxe":1,"minecraft:birch_boat":1,"minecraft:mutton":8,"minecraft:crafting_table":4,"minecraft:porkchop":5,"minecraft:oak_boat":1,"minecraft:white_bed":1}},"DataVersion":3953}