{"stats":{"minecraft:killed":{"minecraft:sheep":3},"minecraft:mined":{"minecraft:short_grass":13,"minecraft:birch_log":6,"minecraft:crafting_table":2},"minecraft:picked_up":{"minecraft:birch_log":6,"minecraft:crafting_table":2,"minecraft:wheat_seeds":1,"minecraft:mutton":3,"minecraft:white_wool":3},"minecraft:custom":{"minecraft:time_since_rest":7467,"minecraft:crouch_one_cm":44,"minecraft:play_time":14634,"minecraft:sprint_one_cm":71062,"minecraft:deaths":6,"minecraft:damage_taken":4720,"minecraft:walk_one_cm":29163,"minecraft:sneak_time":53,"minecraft:walk_under_water_one_cm":514,"minecraft:mob_kills":3,"minecraft:boat_one_cm":20664,"minecraft:jump":262,"minecraft:damage_dealt":240,"minecraft:leave_game":2,"minecraft:walk_on_water_one_cm":584,"minecraft:time_since_death":7369,"minecraft:total_world_time":14634,"minecraft:swim_one_cm":1512,"minecraft:interact_with_crafting_table":2,"minecraft:fall_one_cm":47788,"minecraft:fly_one_cm":63363},"minecraft:crafted":{"minecraft:birch_planks":24,"minecraft:crafting_table":1,"minecraft:stick":4,"minecraft:birch_boat":1,"minecraft:wooden_pickaxe":1,"minecraft:wooden_axe":1},"minecraft:used":{"minecraft:wooden_axe":9,"minecraft:mutton":3,"minecraft:crafting_table":2,"minecraft:birch_boat":1}},"DataVersion":3953}