{"stats":{"minecraft:mined":{"minecraft:white_bed":5,"minecraft:birch_log":6,"minecraft:iron_ore":6,"minecraft:smoker":3,"minecraft:crafting_table":5,"minecraft:short_grass":23,"minecraft:oak_log":86,"minecraft:coal_ore":38,"minecraft:tall_grass":3,"minecraft:stone":11,"minecraft:sugar_cane":2,"minecraft:oak_leaves":7},"minecraft:killed":{"minecraft:sheep":11,"minecraft:pillager":2,"minecraft:pig":5,"minecraft:cow":7},"minecraft:broken":{"minecraft:wooden_axe":1},"minecraft:picked_up":{"minecraft:birch_log":6,"minecraft:crafting_table":5,"minecraft:stick":18,"minecraft:raw_iron":6,"minecraft:ominous_bottle":1,"minecraft:leather":9,"minecraft:smoker":3,"minecraft:pink_wool":1,"minecraft:porkchop":12,"minecraft:oak_log":86,"minecraft:white_bed":5,"minecraft:white_banner":1,"minecraft:apple":5,"minecraft:wheat_seeds":1,"minecraft:beef":16,"minecraft:oak_boat":2,"minecraft:oak_sapling":20,"minecraft:sugar_cane":4,"minecraft:mutton":15,"minecraft:coal":99,"minecraft:white_wool":10,"minecraft:cobblestone":13},"minecraft:custom":{"minecraft:time_since_rest":5417,"minecraft:sprint_one_cm":315094,"minecraft:damage_taken":5214,"minecraft:walk_one_cm":177009,"minecraft:mob_kills":25,"minecraft:damage_dealt":2651,"minecraft:swim_one_cm":4921,"minecraft:interact_with_crafting_table":5,"minecraft:fly_one_cm":519680,"minecraft:open_chest":3,"minecraft:crouch_one_cm":1730,"minecraft:play_time":75344,"minecraft:deaths":6,"minecraft:sneak_time":344,"minecraft:walk_under_water_one_cm":2215,"minecraft:boat_one_cm":121852,"minecraft:jump":2014,"minecraft:leave_game":4,"minecraft:walk_on_water_one_cm":3076,"minecraft:time_since_death":68079,"minecraft:sleep_in_bed":2,"minecraft:total_world_time":75344,"minecraft:interact_with_smoker":7,"minecraft:fall_one_cm":95207},"minecraft:used":{"minecraft:wooden_axe":44,"minecraft:apple":6,"minecraft:iron_pickaxe":59,"minecraft:birch_boat":1,"minecraft:pink_wool":1,"minecraft:stone_axe":98,"minecraft:white_wool":2,"minecraft:mutton":9,"minecraft:beef":8,"minecraft:crafting_table":5,"minecraft:white_banner":1,"minecraft:porkchop":12,"minecraft:oak_boat":3,"minecraft:white_bed":5,"minecraft:cooked_beef":4,"minecraft:smoker":2},"minecraft:crafted":{"minecraft:cooked_beef":8,"minecraft:oak_boat":1,"minecraft:oak_planks":24,"minecraft:crafting_table":2,"minecraft:stick":12,"minecraft:wooden_pickaxe":1,"minecraft:birch_boat":1,"minecraft:wooden_axe":1,"minecraft:white_bed":1,"minecraft:birch_planks":24,"minecraft:stone_axe":1,"minecraft:air":0}},"DataVersion":3953}