{"stats":{"minecraft:custom":{"minecraft:jump":56,"minecraft:time_since_rest":354,"minecraft:leave_game":1,"minecraft:deaths":5,"minecraft:crouch_one_cm":44,"minecraft:damage_taken":4450,"minecraft:sprint_one_cm":10169,"minecraft:play_time":5843,"minecraft:walk_on_water_one_cm":241,"minecraft:time_since_death":279,"minecraft:walk_one_cm":7853,"minecraft:sneak_time":29,"minecraft:total_world_time":5843,"minecraft:walk_under_water_one_cm":99,"minecraft:swim_one_cm":1261,"minecraft:fall_one_cm":38821,"minecraft:fly_one_cm":11026}},"DataVersion":3953}