{"stats":{"minecraft:mined":{"minecraft:white_bed":2,"minecraft:iron_ore":1,"minecraft:birch_log":6,"minecraft:smoker":1,"minecraft:crafting_table":4,"minecraft:short_grass":16,"minecraft:coal_ore":26,"minecraft:oak_log":6,"minecraft:stone":8,"minecraft:sugar_cane":2},"minecraft:killed":{"minecraft:sheep":6,"minecraft:pig":3,"minecraft:cow":2},"minecraft:picked_up":{"minecraft:birch_log":6,"minecraft:raw_iron":1,"minecraft:crafting_table":4,"minecraft:leather":2,"minecraft:smoker":1,"minecraft:pink_wool":1,"minecraft:porkchop":9,"minecraft:oak_log":6,"minecraft:white_bed":2,"minecraft:wheat_seeds":1,"minecraft:beef":5,"minecraft:oak_boat":1,"minecraft:sugar_cane":4,"minecraft:mutton":8,"minecraft:coal":26,"minecraft:white_wool":5,"minecraft:cobblestone":10},"minecraft:custom":{"minecraft:time_since_rest":5830,"minecraft:sprint_one_cm":163051,"minecraft:damage_taken":4834,"minecraft:walk_one_cm":90738,"minecraft:mob_kills":11,"minecraft:damage_dealt":980,"minecraft:swim_one_cm":3758,"minecraft:interact_with_crafting_table":4,"minecraft:fly_one_cm":255792,"minecraft:open_chest":3,"minecraft:crouch_one_cm":811,"minecraft:play_time":33269,"minecraft:deaths":6,"minecraft:sneak_time":199,"minecraft:walk_under_water_one_cm":1335,"minecraft:boat_one_cm":32103,"minecraft:jump":1004,"minecraft:leave_game":3,"minecraft:walk_on_water_one_cm":2336,"minecraft:time_since_death":26004,"minecraft:sleep_in_bed":1,"minecraft:interact_with_smoker":1,"minecraft:total_world_time":33269,"minecraft:fall_one_cm":68325},"minecraft:crafted":{"minecraft:oak_boat":1,"minecraft:oak_planks":24,"minecraft:crafting_table":1,"minecraft:stick":4,"minecraft:wooden_pickaxe":1,"minecraft:birch_boat":1,"minecraft:wooden_axe":1,"minecraft:white_bed":1,"minecraft:birch_planks":24},"minecraft:used":{"minecraft:wooden_axe":26,"minecraft:apple":1,"minecraft:iron_pickaxe":37,"minecraft:birch_boat":1,"minecraft:pink_wool":1,"minecraft:white_wool":2,"minecraft:mutton":8,"minecraft:beef":2,"minecraft:crafting_table":4,"minecraft:porkchop":9,"minecraft:oak_boat":1,"minecraft:white_bed":2}},"DataVersion":3953}