{"stats":{"minecraft:mined":{"minecraft:white_bed":3,"minecraft:iron_ore":3,"minecraft:birch_log":6,"minecraft:smoker":1,"minecraft:crafting_table":4,"minecraft:short_grass":16,"minecraft:coal_ore":26,"minecraft:oak_log":27,"minecraft:stone":8,"minecraft:sugar_cane":2},"minecraft:killed":{"minecraft:sheep":6,"minecraft:pig":5,"minecraft:cow":4},"minecraft:broken":{"minecraft:wooden_axe":1},"minecraft:picked_up":{"minecraft:birch_log":6,"minecraft:raw_iron":3,"minecraft:crafting_table":4,"minecraft:leather":3,"minecraft:smoker":1,"minecraft:pink_wool":1,"minecraft:porkchop":12,"minecraft:oak_log":26,"minecraft:white_bed":3,"minecraft:wheat_seeds":1,"minecraft:beef":10,"minecraft:oak_boat":2,"minecraft:sugar_cane":4,"minecraft:mutton":8,"minecraft:coal":26,"minecraft:white_wool":5,"minecraft:cobblestone":10},"minecraft:custom":{"minecraft:time_since_rest":5268,"minecraft:sprint_one_cm":244452,"minecraft:damage_taken":4874,"minecraft:walk_one_cm":105942,"minecraft:mob_kills":15,"minecraft:damage_dealt":1380,"minecraft:swim_one_cm":4921,"minecraft:interact_with_crafting_table":5,"minecraft:fly_one_cm":417061,"minecraft:open_chest":3,"minecraft:crouch_one_cm":811,"minecraft:play_time":45269,"minecraft:deaths":6,"minecraft:sneak_time":199,"minecraft:walk_under_water_one_cm":2215,"minecraft:boat_one_cm":43788,"minecraft:jump":1551,"minecraft:leave_game":3,"minecraft:walk_on_water_one_cm":3076,"minecraft:time_since_death":38004,"minecraft:sleep_in_bed":1,"minecraft:interact_with_smoker":3,"minecraft:total_world_time":45269,"minecraft:fall_one_cm":84732},"minecraft:used":{"minecraft:wooden_axe":44,"minecraft:apple":1,"minecraft:iron_pickaxe":39,"minecraft:birch_boat":1,"minecraft:pink_wool":1,"minecraft:stone_axe":7,"minecraft:white_wool":2,"minecraft:mutton":8,"minecraft:beef":8,"minecraft:crafting_table":5,"minecraft:porkchop":12,"minecraft:oak_boat":2,"minecraft:white_bed":3,"minecraft:cooked_beef":1,"minecraft:smoker":1},"minecraft:crafted":{"minecraft:cooked_beef":2,"minecraft:oak_boat":1,"minecraft:oak_planks":24,"minecraft:crafting_table":2,"minecraft:stick":12,"minecraft:wooden_pickaxe":1,"minecraft:birch_boat":1,"minecraft:wooden_axe":1,"minecraft:white_bed":1,"minecraft:birch_planks":24,"minecraft:stone_axe":1,"minecraft:air":0}},"DataVersion":3953}