{"stats":{"minecraft:killed_by":{"minecraft:zombie":2,"minecraft:drowned":1},"minecraft:crafted":{"minecraft:cherry_planks":80,"minecraft:stone_shovel":1,"minecraft:crafting_table":2,"minecraft:spruce_planks":44,"minecraft:iron_helmet":1,"minecraft:wooden_pickaxe":1,"minecraft:iron_sword":1,"minecraft:furnace":2,"minecraft:bucket":1,"minecraft:stone_axe":1,"minecraft:bread":21,"minecraft:air":0,"minecraft:iron_boots":1,"minecraft:iron_axe":1,"minecraft:shield":1,"minecraft:stick":56,"minecraft:iron_ingot":30,"minecraft:iron_pickaxe":3,"minecraft:stone_pickaxe":2,"minecraft:wooden_axe":1,"minecraft:stone_sword":1,"minecraft:iron_shovel":1,"minecraft:spruce_boat":1,"minecraft:torch":156,"minecraft:stone_hoe":1,"minecraft:wheat":127},"minecraft:picked_up":{"minecraft:crafting_table":4,"minecraft:andesite":45,"minecraft:leather":2,"minecraft:lead":2,"minecraft:lapis_lazuli":22,"minecraft:string":58,"minecraft:dirt":23,"minecraft:raw_copper":45,"minecraft:bone":2,"minecraft:kelp":8,"minecraft:wheat_seeds":11,"minecraft:cobbled_deepslate":66,"minecraft:spruce_planks":6,"minecraft:sugar_cane":17,"minecraft:chest":6,"minecraft:furnace":1,"minecraft:stick":17,"minecraft:raw_iron":65,"minecraft:oak_fence":2,"minecraft:torch":16,"minecraft:dandelion":2,"minecraft:diorite":5,"minecraft:cherry_log":60,"minecraft:spruce_sapling":1,"minecraft:blast_furnace":1,"minecraft:white_bed":8,"minecraft:spruce_log":11,"minecraft:redstone":18,"minecraft:arrow":3,"minecraft:rotten_flesh":4,"minecraft:diamond":4,"minecraft:spruce_boat":2,"minecraft:hay_block":17,"minecraft:granite":21,"minecraft:cherry_sapling":40,"minecraft:warped_sign":8,"minecraft:tuff_bricks":1,"minecraft:melon_seeds":3,"minecraft:coal":74,"minecraft:rail":32,"minecraft:cobblestone":244},"minecraft:custom":{"minecraft:interact_with_furnace":9,"minecraft:mob_kills":14,"minecraft:interact_with_crafting_table":16,"minecraft:leave_game":12,"minecraft:time_since_death":174523,"minecraft:sleep_in_bed":7,"minecraft:time_since_rest":72888,"minecraft:sprint_one_cm":180769,"minecraft:damage_taken":2227,"minecraft:walk_one_cm":669673,"minecraft:damage_blocked_by_shield":630,"minecraft:drop":6,"minecraft:damage_dealt":3107,"minecraft:talked_to_villager":1,"minecraft:swim_one_cm":856,"minecraft:fly_one_cm":395048,"minecraft:open_chest":20,"minecraft:crouch_one_cm":8268,"minecraft:play_time":239101,"minecraft:deaths":5,"minecraft:sneak_time":2283,"minecraft:walk_under_water_one_cm":9349,"minecraft:boat_one_cm":18122,"minecraft:jump":2315,"minecraft:walk_on_water_one_cm":14336,"minecraft:total_world_time":239101,"minecraft:fall_one_cm":45192},"minecraft:dropped":{"minecraft:stone_axe":1,"minecraft:stone_sword":1,"minecraft:stone_shovel":1,"minecraft:poppy":1,"minecraft:wooden_axe":1,"minecraft:wooden_pickaxe":1},"minecraft:killed":{"minecraft:cave_spider":1,"minecraft:wandering_trader":1,"minecraft:skeleton":3,"minecraft:trader_llama":2,"minecraft:zombie":6},"minecraft:used":{"minecraft:tuff_bricks":1,"minecraft:cherry_sapling":10,"minecraft:stone_sword":64,"minecraft:stone_shovel":13,"minecraft:stone_pickaxe":265,"minecraft:shield":17,"minecraft:spruce_planks":13,"minecraft:chest":6,"minecraft:wooden_pickaxe":5,"minecraft:cherry_planks":5,"minecraft:iron_sword":57,"minecraft:white_dye":16,"minecraft:warped_sign":22,"minecraft:glow_ink_sac":16,"minecraft:torch":175,"minecraft:mossy_cobblestone":219,"minecraft:dirt":247,"minecraft:crafting_table":5,"minecraft:white_bed":8,"minecraft:spruce_boat":2,"minecraft:wooden_axe":9,"minecraft:iron_axe":3,"minecraft:bread":24,"minecraft:iron_pickaxe":328,"minecraft:stone_axe":88,"minecraft:cobblestone":22,"minecraft:furnace":2,"minecraft:cooked_porkchop":2,"minecraft:bucket":1},"minecraft:mined":{"minecraft:deepslate_redstone_ore":4,"minecraft:spruce_planks":6,"minecraft:white_bed":8,"minecraft:deepslate_diamond_ore":4,"minecraft:kelp_plant":3,"minecraft:cherry_log":60,"minecraft:cherry_sapling":1,"minecraft:oak_fence":2,"minecraft:crafting_table":4,"minecraft:torch":2,"minecraft:granite":22,"minecraft:short_grass":8,"minecraft:blast_furnace":1,"minecraft:grass_block":8,"minecraft:chest":6,"minecraft:copper_ore":14,"minecraft:cobblestone":1,"minecraft:lapis_ore":2,"minecraft:sugar_cane":8,"minecraft:diorite":6,"minecraft:tuff_bricks":1,"minecraft:wall_torch":10,"minecraft:hay_block":18,"minecraft:furnace":1,"minecraft:iron_ore":31,"minecraft:andesite":45,"minecraft:spruce_log":13,"minecraft:deepslate_lapis_ore":2,"minecraft:coal_ore":74,"minecraft:rail":32,"minecraft:deepslate_iron_ore":34,"minecraft:cherry_leaves":10,"minecraft:dirt":13,"minecraft:cobweb":58,"minecraft:stone":250,"minecraft:deepslate":69},"minecraft:broken":{"minecraft:stone_pickaxe":2,"minecraft:iron_pickaxe":1}},"DataVersion":3953}