{"stats":{"minecraft:custom":{"minecraft:mob_kills":49,"minecraft:interact_with_crafting_table":47,"minecraft:leave_game":16,"minecraft:time_since_death":487443,"minecraft:climb_one_cm":8756,"minecraft:sprint_one_cm":600015,"minecraft:walk_one_cm":1615382,"minecraft:damage_blocked_by_shield":2120,"minecraft:drop":12,"minecraft:talked_to_villager":2,"minecraft:play_time":552021,"minecraft:deaths":5,"minecraft:sneak_time":10415,"minecraft:walk_under_water_one_cm":11409,"minecraft:boat_one_cm":25625,"minecraft:jump":5233,"minecraft:interact_with_blast_furnace":16,"minecraft:walk_on_water_one_cm":44430,"minecraft:total_world_time":552021,"minecraft:interact_with_furnace":30,"minecraft:sleep_in_bed":23,"minecraft:time_since_rest":8418,"minecraft:damage_taken":3599,"minecraft:damage_dealt":6467,"minecraft:swim_one_cm":20576,"minecraft:fly_one_cm":887052,"minecraft:open_chest":167,"minecraft:crouch_one_cm":18869,"minecraft:fish_caught":8,"minecraft:fall_one_cm":100070,"minecraft:inspect_dispenser":4},"minecraft:used":{"minecraft:tuff_bricks":3,"minecraft:cherry_sapling":14,"minecraft:stone_sword":64,"minecraft:iron_shovel":1054,"minecraft:flint_and_steel":1,"minecraft:stone_shovel":13,"minecraft:ladder":47,"minecraft:bone_block":1,"minecraft:chest":6,"minecraft:spruce_planks":13,"minecraft:shield":55,"minecraft:iron_sword":137,"minecraft:warped_sign":22,"minecraft:cooked_salmon":1,"minecraft:stone_hoe":203,"minecraft:netherrack":435,"minecraft:torch":307,"minecraft:dirt":349,"minecraft:obsidian":22,"minecraft:spruce_boat":3,"minecraft:iron_hoe":481,"minecraft:wooden_axe":9,"minecraft:iron_axe":99,"minecraft:cherry_trapdoor":6,"minecraft:melon_seeds":9,"minecraft:bow":19,"minecraft:hay_block":2,"minecraft:furnace":3,"minecraft:potato":182,"minecraft:cobbled_deepslate":57,"minecraft:wheat_seeds":156,"minecraft:water_bucket":14,"minecraft:stone_pickaxe":265,"minecraft:blackstone":1,"minecraft:wooden_pickaxe":5,"minecraft:cherry_planks":5,"minecraft:white_dye":16,"minecraft:glow_ink_sac":16,"minecraft:sugar_cane":51,"minecraft:mossy_cobblestone":219,"minecraft:crafting_table":11,"minecraft:blast_furnace":1,"minecraft:campfire":2,"minecraft:white_bed":9,"minecraft:pumpkin_seeds":11,"minecraft:diamond_pickaxe":1015,"minecraft:bread":68,"minecraft:map":1,"minecraft:iron_pickaxe":1505,"minecraft:cherry_sign":6,"minecraft:stone_axe":88,"minecraft:fishing_rod":11,"minecraft:cobblestone":131,"minecraft:cooked_porkchop":2,"minecraft:bucket":16,"minecraft:waxed_copper_bulb":1},"minecraft:dropped":{"minecraft:oak_fence":2,"minecraft:cobblestone":4,"minecraft:stick":2,"minecraft:wooden_axe":1,"minecraft:stone_axe":1,"minecraft:stone_sword":1,"minecraft:cobbled_deepslate":56,"minecraft:stone_shovel":1,"minecraft:poppy":1,"minecraft:melon_seeds":1,"minecraft:wooden_pickaxe":1,"minecraft:netherrack":64},"minecraft:killed":{"minecraft:cave_spider":1,"minecraft:bogged":3,"minecraft:witch":1,"minecraft:spider":3,"minecraft:skeleton":8,"minecraft:magma_cube":12,"minecraft:wandering_trader":2,"minecraft:creeper":1,"minecraft:trader_llama":4,"minecraft:pillager":2,"minecraft:zombie":11},"minecraft:mined":{"minecraft:nether_gold_ore":10,"minecraft:tuff":5,"minecraft:attached_melon_stem":1,"minecraft:spruce_planks":13,"minecraft:white_bed":9,"minecraft:farmland":1,"minecraft:deepslate_diamond_ore":4,"minecraft:cherry_log":60,"minecraft:cherry_sapling":2,"minecraft:obsidian":27,"minecraft:granite":33,"minecraft:grass_block":564,"minecraft:kelp":1,"minecraft:tuff_bricks":45,"minecraft:cherry_wall_sign":1,"minecraft:hay_block":18,"minecraft:magma_block":18,"minecraft:glowstone":8,"minecraft:furnace":1,"minecraft:iron_ore":33,"minecraft:cobbled_deepslate":1,"minecraft:polished_tuff":1,"minecraft:andesite":73,"minecraft:pumpkin":19,"minecraft:deepslate_lapis_ore":2,"minecraft:potatoes":48,"minecraft:deepslate_iron_ore":36,"minecraft:rail":54,"minecraft:stone":441,"minecraft:bone_block":1,"minecraft:deepslate_redstone_ore":9,"minecraft:cherry_planks":5,"minecraft:blackstone":84,"minecraft:kelp_plant":23,"minecraft:basalt":194,"minecraft:oak_fence":2,"minecraft:crafting_table":9,"minecraft:torch":3,"minecraft:short_grass":137,"minecraft:blast_furnace":1,"minecraft:melon":21,"minecraft:chest":6,"minecraft:tall_grass":21,"minecraft:copper_ore":14,"minecraft:cobblestone":28,"minecraft:lapis_ore":3,"minecraft:deepslate_gold_ore":5,"minecraft:sugar_cane":125,"minecraft:diorite":74,"minecraft:wall_torch":27,"minecraft:waxed_copper_bulb":2,"minecraft:wheat":42,"minecraft:spruce_log":13,"minecraft:waxed_copper_block":1,"minecraft:coal_ore":137,"minecraft:oak_log":20,"minecraft:cherry_leaves":10,"minecraft:gravel":76,"minecraft:sand":96,"minecraft:dirt":129,"minecraft:cobweb":68,"minecraft:netherrack":882,"minecraft:dispenser":1,"minecraft:oak_leaves":15,"minecraft:deepslate":553},"minecraft:killed_by":{"minecraft:drowned":1,"minecraft:zombie":2},"minecraft:broken":{"minecraft:iron_shovel":4,"minecraft:stone_hoe":1,"minecraft:stone_pickaxe":2,"minecraft:iron_pickaxe":6,"minecraft:iron_hoe":1},"minecraft:crafted":{"minecraft:cherry_planks":160,"minecraft:oak_planks":56,"minecraft:stone_shovel":1,"minecraft:fishing_rod":1,"minecraft:furnace":2,"minecraft:flint_and_steel":1,"minecraft:cherry_trapdoor":6,"minecraft:glass":28,"minecraft:bow":1,"minecraft:iron_boots":1,"minecraft:iron_axe":1,"minecraft:ladder":78,"minecraft:melon_seeds":6,"minecraft:iron_hoe":2,"minecraft:stone_pickaxe":2,"minecraft:spruce_boat":1,"minecraft:stone_hoe":1,"minecraft:golden_boots":1,"minecraft:wheat":127,"minecraft:cooked_cod":5,"minecraft:crafting_table":3,"minecraft:spruce_planks":44,"minecraft:wooden_pickaxe":1,"minecraft:iron_helmet":1,"minecraft:iron_sword":1,"minecraft:cooked_salmon":2,"minecraft:bucket":3,"minecraft:hay_block":2,"minecraft:pumpkin_seeds":12,"minecraft:campfire":2,"minecraft:stone_axe":1,"minecraft:bread":50,"minecraft:air":0,"minecraft:iron_chestplate":1,"minecraft:diamond_pickaxe":1,"minecraft:cherry_sign":6,"minecraft:shield":1,"minecraft:stick":340,"minecraft:iron_ingot":69,"minecraft:iron_pickaxe":6,"minecraft:wooden_axe":1,"minecraft:stone_sword":1,"minecraft:gold_ingot":5,"minecraft:iron_shovel":5,"minecraft:iron_leggings":1,"minecraft:torch":252,"minecraft:shears":1},"minecraft:picked_up":{"minecraft:fishing_rod":1,"minecraft:crafting_table":9,"minecraft:wheat":42,"minecraft:lead":4,"minecraft:string":70,"minecraft:raw_copper":45,"minecraft:pufferfish":1,"minecraft:blackstone":82,"minecraft:gold_nugget":34,"minecraft:cobbled_deepslate":586,"minecraft:spruce_planks":13,"minecraft:melon_slice":93,"minecraft:sugar_cane":210,"minecraft:chest":6,"minecraft:furnace":1,"minecraft:tipped_arrow":1,"minecraft:stick":23,"minecraft:raw_iron":69,"minecraft:oak_fence":2,"minecraft:torch":36,"minecraft:cherry_log":60,"minecraft:diorite":73,"minecraft:redstone":49,"minecraft:arrow":16,"minecraft:rotten_flesh":10,"minecraft:hay_block":17,"minecraft:warped_sign":8,"minecraft:tuff_bricks":44,"minecraft:white_wool":12,"minecraft:obsidian":24,"minecraft:cod":5,"minecraft:bone_block":1,"minecraft:rail":54,"minecraft:cobblestone":464,"minecraft:magma_block":18,"minecraft:basalt":193,"minecraft:magma_cream":1,"minecraft:cherry_planks":5,"minecraft:tripwire_hook":1,"minecraft:andesite":73,"minecraft:salmon":2,"minecraft:leather":4,"minecraft:potato":159,"minecraft:waxed_copper_bulb":2,"minecraft:flint":9,"minecraft:oak_log":20,"minecraft:waxed_copper_block":1,"minecraft:lapis_lazuli":28,"minecraft:dirt":694,"minecraft:bone":14,"minecraft:apple":1,"minecraft:kelp":128,"minecraft:wheat_seeds":156,"minecraft:raw_gold":5,"minecraft:cherry_sign":1,"minecraft:glass_bottle":2,"minecraft:glowstone_dust":17,"minecraft:pumpkin":19,"minecraft:dandelion":2,"minecraft:poisonous_potato":2,"minecraft:gravel":70,"minecraft:sand":96,"minecraft:spruce_sapling":1,"minecraft:blast_furnace":1,"minecraft:white_bed":9,"minecraft:spruce_log":11,"minecraft:spider_eye":1,"minecraft:dispenser":1,"minecraft:diamond":4,"minecraft:spruce_boat":3,"minecraft:granite":32,"minecraft:cherry_sapling":41,"minecraft:bread":2,"minecraft:oak_button":1,"minecraft:oak_sapling":17,"minecraft:netherrack":777,"minecraft:melon_seeds":5,"minecraft:coal":137}},"DataVersion":3953}