{"stats":{"minecraft:custom":{"minecraft:interact_with_crafting_table":82,"minecraft:open_barrel":5,"minecraft:leave_game":17,"minecraft:time_since_death":692364,"minecraft:sprint_one_cm":1015560,"minecraft:damage_blocked_by_shield":3010,"minecraft:drop":25,"minecraft:talked_to_villager":4,"minecraft:play_time":756942,"minecraft:deaths":5,"minecraft:jump":7587,"minecraft:interact_with_brewingstand":1,"minecraft:walk_on_water_one_cm":53383,"minecraft:interact_with_furnace":53,"minecraft:sleep_in_bed":35,"minecraft:damage_dealt":9671,"minecraft:crouch_one_cm":22184,"minecraft:interact_with_smoker":20,"minecraft:inspect_dispenser":5,"minecraft:horse_one_cm":751616,"minecraft:mob_kills":69,"minecraft:climb_one_cm":15206,"minecraft:walk_one_cm":2138911,"minecraft:sneak_time":11927,"minecraft:walk_under_water_one_cm":13474,"minecraft:boat_one_cm":157932,"minecraft:interact_with_blast_furnace":25,"minecraft:total_world_time":756942,"minecraft:interact_with_grindstone":2,"minecraft:interact_with_stonecutter":3,"minecraft:time_since_rest":9533,"minecraft:damage_taken":4496,"minecraft:swim_one_cm":40078,"minecraft:fly_one_cm":1301415,"minecraft:open_chest":308,"minecraft:fish_caught":8,"minecraft:fall_one_cm":149440},"minecraft:used":{"minecraft:tuff_bricks":4,"minecraft:cherry_sapling":14,"minecraft:iron_shovel":1184,"minecraft:bone_block":1,"minecraft:ladder":47,"minecraft:shield":84,"minecraft:chest":12,"minecraft:iron_sword":193,"minecraft:warped_sign":22,"minecraft:obsidian":22,"minecraft:spruce_boat":4,"minecraft:bow":20,"minecraft:hay_block":5,"minecraft:furnace":6,"minecraft:cooked_cod":5,"minecraft:potato":417,"minecraft:stone_pickaxe":265,"minecraft:blackstone":1,"minecraft:wooden_pickaxe":5,"minecraft:composter":2,"minecraft:sugar_cane":51,"minecraft:blast_furnace":3,"minecraft:pumpkin_seeds":22,"minecraft:bread":68,"minecraft:melon_slice":19,"minecraft:cherry_sign":6,"minecraft:chiseled_tuff_bricks":3,"minecraft:grindstone":2,"minecraft:waxed_copper_bulb":1,"minecraft:stone_sword":64,"minecraft:flint_and_steel":1,"minecraft:stone_shovel":13,"minecraft:spruce_planks":13,"minecraft:cooked_salmon":2,"minecraft:stone_hoe":203,"minecraft:netherrack":436,"minecraft:trial_key":1,"minecraft:torch":458,"minecraft:brewing_stand":1,"minecraft:dirt":445,"minecraft:iron_hoe":513,"minecraft:wooden_axe":9,"minecraft:iron_axe":470,"minecraft:cherry_trapdoor":6,"minecraft:melon_seeds":20,"minecraft:cobbled_deepslate":57,"minecraft:cherry_fence":2,"minecraft:wheat_seeds":333,"minecraft:water_bucket":17,"minecraft:lead":2,"minecraft:baked_potato":21,"minecraft:cherry_planks":5,"minecraft:white_dye":16,"minecraft:glow_ink_sac":16,"minecraft:stonecutter":2,"minecraft:mossy_cobblestone":219,"minecraft:crafting_table":15,"minecraft:white_bed":14,"minecraft:campfire":5,"minecraft:smoker":3,"minecraft:diamond_pickaxe":1307,"minecraft:iron_pickaxe":1535,"minecraft:map":1,"minecraft:stone_axe":88,"minecraft:fishing_rod":11,"minecraft:cobblestone":159,"minecraft:cooked_porkchop":2,"minecraft:bucket":19},"minecraft:dropped":{"minecraft:iron_sword":1,"minecraft:soul_sand":1,"minecraft:bone":1,"minecraft:gravel":2,"minecraft:stone_axe":1,"minecraft:cobbled_deepslate":56,"minecraft:rotten_flesh":1,"minecraft:poppy":1,"minecraft:melon_seeds":1,"minecraft:netherrack":64,"minecraft:bread":5,"minecraft:oak_fence":2,"minecraft:cobblestone":67,"minecraft:stick":2,"minecraft:diorite":8,"minecraft:wooden_axe":1,"minecraft:furnace":2,"minecraft:stone_sword":1,"minecraft:raw_iron":1,"minecraft:stone_shovel":1,"minecraft:tall_grass":2,"minecraft:wooden_pickaxe":1},"minecraft:killed":{"minecraft:cave_spider":1,"minecraft:witch":1,"minecraft:spider":4,"minecraft:skeleton":11,"minecraft:magma_cube":12,"minecraft:creeper":2,"minecraft:sheep":3,"minecraft:trader_llama":4,"minecraft:pillager":2,"minecraft:zombie":15,"minecraft:cow":2,"minecraft:bogged":3,"minecraft:husk":6,"minecraft:wandering_trader":2},"minecraft:mined":{"minecraft:white_bed":14,"minecraft:spruce_planks":13,"minecraft:attached_melon_stem":1,"minecraft:farmland":1,"minecraft:cherry_log":60,"minecraft:brewing_stand":1,"minecraft:obsidian":27,"minecraft:granite":33,"minecraft:grass_block":587,"minecraft:soul_soil":3,"minecraft:composter":2,"minecraft:tuff_bricks":46,"minecraft:magma_block":30,"minecraft:glowstone":8,"minecraft:iron_ore":43,"minecraft:cobbled_deepslate":1,"minecraft:barrel":1,"minecraft:polished_tuff":1,"minecraft:pumpkin":23,"minecraft:deepslate_lapis_ore":7,"minecraft:deepslate_redstone_ore":17,"minecraft:blackstone":84,"minecraft:kelp_plant":37,"minecraft:melon_stem":3,"minecraft:smoker":1,"minecraft:torch":5,"minecraft:blast_furnace":2,"minecraft:melon":28,"minecraft:chest":16,"minecraft:cobblestone":28,"minecraft:grindstone":2,"minecraft:sugar_cane":223,"minecraft:wall_torch":29,"minecraft:waxed_copper_bulb":2,"minecraft:wheat":183,"minecraft:birch_log":72,"minecraft:waxed_copper_block":1,"minecraft:oak_log":167,"minecraft:sand":99,"minecraft:dirt":161,"minecraft:dispenser":1,"minecraft:stonecutter":2,"minecraft:netherrack":887,"minecraft:oak_leaves":50,"minecraft:deepslate":747,"minecraft:nether_gold_ore":10,"minecraft:tuff":21,"minecraft:deepslate_diamond_ore":9,"minecraft:cherry_sapling":2,"minecraft:kelp":1,"minecraft:cherry_wall_sign":1,"minecraft:hay_block":82,"minecraft:redstone_ore":4,"minecraft:furnace":4,"minecraft:carrots":7,"minecraft:andesite":74,"minecraft:potatoes":183,"minecraft:deepslate_iron_ore":49,"minecraft:rail":70,"minecraft:stone":441,"minecraft:bone_block":1,"minecraft:cherry_planks":5,"minecraft:soul_sand":68,"minecraft:basalt":194,"minecraft:crafting_table":13,"minecraft:oak_fence":2,"minecraft:short_grass":171,"minecraft:copper_ore":14,"minecraft:tall_grass":22,"minecraft:deepslate_gold_ore":7,"minecraft:lapis_ore":7,"minecraft:diorite":84,"minecraft:spruce_log":13,"minecraft:birch_leaves":3,"minecraft:coal_ore":137,"minecraft:cherry_leaves":10,"minecraft:gravel":79,"minecraft:cobweb":74,"minecraft:gold_ore":3},"minecraft:killed_by":{"minecraft:drowned":1,"minecraft:zombie":2},"minecraft:broken":{"minecraft:iron_shovel":4,"minecraft:stone_pickaxe":2,"minecraft:iron_hoe":2,"minecraft:stone_hoe":1,"minecraft:shield":1,"minecraft:iron_axe":1,"minecraft:iron_pickaxe":6},"minecraft:crafted":{"minecraft:oak_planks":56,"minecraft:smooth_stone":3,"minecraft:leather_horse_armor":1,"minecraft:melon":8,"minecraft:stone":4,"minecraft:glass":28,"minecraft:bow":1,"minecraft:iron_boots":1,"minecraft:melon_seeds":35,"minecraft:chest":2,"minecraft:dried_kelp_block":16,"minecraft:stone_hoe":1,"minecraft:cherry_fence":3,"minecraft:golden_boots":1,"minecraft:smoker":2,"minecraft:glass_bottle":6,"minecraft:crafting_table":3,"minecraft:spruce_planks":44,"minecraft:iron_helmet":1,"minecraft:wooden_pickaxe":1,"minecraft:baked_potato":70,"minecraft:pumpkin_seeds":24,"minecraft:hay_block":14,"minecraft:campfire":10,"minecraft:iron_chestplate":1,"minecraft:cherry_sign":6,"minecraft:diamond_pickaxe":2,"minecraft:charcoal":18,"minecraft:shield":2,"minecraft:stick":344,"minecraft:iron_ingot":92,"minecraft:iron_pickaxe":7,"minecraft:stone_sword":1,"minecraft:gold_ingot":10,"minecraft:chiseled_tuff_bricks":3,"minecraft:shears":1,"minecraft:cherry_planks":220,"minecraft:stone_shovel":1,"minecraft:fishing_rod":1,"minecraft:furnace":7,"minecraft:blast_furnace":1,"minecraft:flint_and_steel":1,"minecraft:cherry_trapdoor":6,"minecraft:iron_axe":3,"minecraft:ladder":78,"minecraft:iron_hoe":3,"minecraft:stone_pickaxe":2,"minecraft:spruce_boat":1,"minecraft:wheat":127,"minecraft:cooked_cod":5,"minecraft:dried_kelp":152,"minecraft:iron_sword":2,"minecraft:cooked_salmon":2,"minecraft:bucket":3,"minecraft:stone_axe":1,"minecraft:air":0,"minecraft:bread":50,"minecraft:wooden_axe":1,"minecraft:iron_shovel":5,"minecraft:iron_leggings":1,"minecraft:white_bed":1,"minecraft:torch":432},"minecraft:picked_up":{"minecraft:wheat":150,"minecraft:lead":10,"minecraft:brewing_stand":1,"minecraft:string":76,"minecraft:soul_soil":3,"minecraft:raw_copper":45,"minecraft:pufferfish":1,"minecraft:gold_nugget":34,"minecraft:cobbled_deepslate":773,"minecraft:spruce_planks":13,"minecraft:trial_key":1,"minecraft:melon_slice":131,"minecraft:furnace":4,"minecraft:tipped_arrow":6,"minecraft:stick":46,"minecraft:composter":2,"minecraft:oak_fence":2,"minecraft:torch":42,"minecraft:cherry_log":60,"minecraft:diorite":78,"minecraft:rotten_flesh":18,"minecraft:obsidian":24,"minecraft:cod":5,"minecraft:cobblestone":500,"minecraft:birch_log":72,"minecraft:magma_block":30,"minecraft:magma_cream":1,"minecraft:cherry_planks":5,"minecraft:andesite":74,"minecraft:smoker":1,"minecraft:potato":635,"minecraft:flint":9,"minecraft:tuff":19,"minecraft:lapis_lazuli":83,"minecraft:dirt":749,"minecraft:bone":16,"minecraft:stonecutter":2,"minecraft:wheat_seeds":462,"minecraft:raw_gold":10,"minecraft:grindstone":2,"minecraft:glowstone_dust":17,"minecraft:oak_planks":8,"minecraft:poisonous_potato":4,"minecraft:sand":99,"minecraft:barrel":1,"minecraft:dispenser":1,"minecraft:diamond":9,"minecraft:spruce_boat":3,"minecraft:granite":32,"minecraft:bread":9,"minecraft:oak_sapling":67,"minecraft:netherrack":782,"minecraft:fishing_rod":1,"minecraft:crafting_table":13,"minecraft:wind_charge":1,"minecraft:blackstone":82,"minecraft:beef":3,"minecraft:sugar_cane":366,"minecraft:chest":16,"minecraft:birch_sapling":28,"minecraft:raw_iron":93,"minecraft:carrot":7,"minecraft:redstone":101,"minecraft:arrow":37,"minecraft:hay_block":80,"minecraft:warped_sign":8,"minecraft:tuff_bricks":45,"minecraft:mutton":4,"minecraft:rail":70,"minecraft:bone_block":1,"minecraft:white_wool":15,"minecraft:basalt":193,"minecraft:tripwire_hook":1,"minecraft:salmon":2,"minecraft:leather":8,"minecraft:waxed_copper_bulb":2,"minecraft:oak_log":166,"minecraft:waxed_copper_block":1,"minecraft:apple":8,"minecraft:kelp":229,"minecraft:cherry_sign":1,"minecraft:glass_bottle":2,"minecraft:soul_sand":66,"minecraft:pumpkin":23,"minecraft:dandelion":2,"minecraft:gravel":72,"minecraft:spruce_sapling":1,"minecraft:blast_furnace":2,"minecraft:white_bed":14,"minecraft:spruce_log":11,"minecraft:spider_eye":1,"minecraft:cherry_sapling":41,"minecraft:oak_button":1,"minecraft:melon_seeds":5,"minecraft:coal":156}},"DataVersion":3953}