{"stats":{"minecraft:custom":{"minecraft:mob_kills":61,"minecraft:interact_with_crafting_table":55,"minecraft:open_barrel":4,"minecraft:leave_game":16,"minecraft:time_since_death":553443,"minecraft:climb_one_cm":10542,"minecraft:sprint_one_cm":734510,"minecraft:walk_one_cm":1868291,"minecraft:damage_blocked_by_shield":2700,"minecraft:drop":16,"minecraft:talked_to_villager":2,"minecraft:play_time":618021,"minecraft:deaths":5,"minecraft:sneak_time":10714,"minecraft:walk_under_water_one_cm":11409,"minecraft:boat_one_cm":25625,"minecraft:jump":6064,"minecraft:interact_with_blast_furnace":20,"minecraft:walk_on_water_one_cm":47836,"minecraft:total_world_time":618021,"minecraft:interact_with_furnace":46,"minecraft:sleep_in_bed":25,"minecraft:time_since_rest":531,"minecraft:damage_taken":4064,"minecraft:damage_dealt":8700,"minecraft:swim_one_cm":20576,"minecraft:fly_one_cm":960554,"minecraft:open_chest":197,"minecraft:crouch_one_cm":19720,"minecraft:fish_caught":8,"minecraft:fall_one_cm":116070,"minecraft:inspect_dispenser":5},"minecraft:used":{"minecraft:tuff_bricks":3,"minecraft:cherry_sapling":14,"minecraft:stone_sword":64,"minecraft:iron_shovel":1057,"minecraft:flint_and_steel":1,"minecraft:stone_shovel":13,"minecraft:ladder":47,"minecraft:bone_block":1,"minecraft:chest":8,"minecraft:spruce_planks":13,"minecraft:shield":74,"minecraft:iron_sword":182,"minecraft:warped_sign":22,"minecraft:cooked_salmon":2,"minecraft:stone_hoe":203,"minecraft:trial_key":1,"minecraft:netherrack":435,"minecraft:torch":454,"minecraft:dirt":349,"minecraft:obsidian":22,"minecraft:spruce_boat":3,"minecraft:iron_hoe":500,"minecraft:wooden_axe":9,"minecraft:iron_axe":105,"minecraft:cherry_trapdoor":6,"minecraft:melon_seeds":15,"minecraft:bow":19,"minecraft:hay_block":2,"minecraft:furnace":4,"minecraft:cooked_cod":5,"minecraft:potato":414,"minecraft:cobbled_deepslate":57,"minecraft:wheat_seeds":316,"minecraft:water_bucket":15,"minecraft:baked_potato":1,"minecraft:stone_pickaxe":265,"minecraft:blackstone":1,"minecraft:wooden_pickaxe":5,"minecraft:cherry_planks":5,"minecraft:white_dye":16,"minecraft:glow_ink_sac":16,"minecraft:sugar_cane":51,"minecraft:mossy_cobblestone":219,"minecraft:crafting_table":12,"minecraft:blast_furnace":1,"minecraft:campfire":2,"minecraft:white_bed":9,"minecraft:pumpkin_seeds":11,"minecraft:diamond_pickaxe":1307,"minecraft:melon_slice":19,"minecraft:bread":68,"minecraft:map":1,"minecraft:iron_pickaxe":1505,"minecraft:cherry_sign":6,"minecraft:stone_axe":88,"minecraft:fishing_rod":11,"minecraft:cobblestone":154,"minecraft:cooked_porkchop":2,"minecraft:bucket":17,"minecraft:waxed_copper_bulb":1},"minecraft:dropped":{"minecraft:oak_fence":2,"minecraft:cobblestone":31,"minecraft:stick":2,"minecraft:diorite":8,"minecraft:wooden_axe":1,"minecraft:gravel":2,"minecraft:stone_axe":1,"minecraft:stone_sword":1,"minecraft:cobbled_deepslate":56,"minecraft:raw_iron":1,"minecraft:stone_shovel":1,"minecraft:poppy":1,"minecraft:melon_seeds":1,"minecraft:wooden_pickaxe":1,"minecraft:netherrack":64},"minecraft:killed":{"minecraft:cave_spider":1,"minecraft:bogged":3,"minecraft:witch":1,"minecraft:spider":4,"minecraft:skeleton":9,"minecraft:magma_cube":12,"minecraft:husk":6,"minecraft:wandering_trader":2,"minecraft:creeper":2,"minecraft:trader_llama":4,"minecraft:pillager":2,"minecraft:zombie":14},"minecraft:mined":{"minecraft:nether_gold_ore":10,"minecraft:tuff":21,"minecraft:attached_melon_stem":1,"minecraft:spruce_planks":13,"minecraft:white_bed":9,"minecraft:farmland":1,"minecraft:deepslate_diamond_ore":9,"minecraft:cherry_log":60,"minecraft:cherry_sapling":2,"minecraft:obsidian":27,"minecraft:granite":33,"minecraft:grass_block":564,"minecraft:kelp":1,"minecraft:tuff_bricks":45,"minecraft:cherry_wall_sign":1,"minecraft:hay_block":18,"minecraft:redstone_ore":4,"minecraft:magma_block":18,"minecraft:glowstone":8,"minecraft:furnace":2,"minecraft:iron_ore":43,"minecraft:cobbled_deepslate":1,"minecraft:polished_tuff":1,"minecraft:andesite":74,"minecraft:pumpkin":19,"minecraft:deepslate_lapis_ore":7,"minecraft:potatoes":181,"minecraft:deepslate_iron_ore":49,"minecraft:rail":70,"minecraft:stone":441,"minecraft:bone_block":1,"minecraft:deepslate_redstone_ore":17,"minecraft:cherry_planks":5,"minecraft:blackstone":84,"minecraft:kelp_plant":23,"minecraft:basalt":194,"minecraft:oak_fence":2,"minecraft:crafting_table":10,"minecraft:torch":3,"minecraft:short_grass":137,"minecraft:blast_furnace":1,"minecraft:melon":27,"minecraft:chest":6,"minecraft:tall_grass":21,"minecraft:copper_ore":14,"minecraft:cobblestone":28,"minecraft:lapis_ore":7,"minecraft:deepslate_gold_ore":7,"minecraft:sugar_cane":174,"minecraft:diorite":84,"minecraft:wall_torch":29,"minecraft:waxed_copper_bulb":2,"minecraft:wheat":156,"minecraft:spruce_log":13,"minecraft:waxed_copper_block":1,"minecraft:coal_ore":137,"minecraft:oak_log":20,"minecraft:cherry_leaves":10,"minecraft:gravel":79,"minecraft:sand":96,"minecraft:dirt":129,"minecraft:cobweb":74,"minecraft:netherrack":882,"minecraft:dispenser":1,"minecraft:gold_ore":3,"minecraft:oak_leaves":15,"minecraft:deepslate":747},"minecraft:killed_by":{"minecraft:drowned":1,"minecraft:zombie":2},"minecraft:broken":{"minecraft:iron_shovel":4,"minecraft:stone_hoe":1,"minecraft:stone_pickaxe":2,"minecraft:shield":1,"minecraft:iron_pickaxe":6,"minecraft:iron_hoe":2},"minecraft:crafted":{"minecraft:cherry_planks":220,"minecraft:oak_planks":56,"minecraft:stone_shovel":1,"minecraft:fishing_rod":1,"minecraft:furnace":3,"minecraft:flint_and_steel":1,"minecraft:cherry_trapdoor":6,"minecraft:glass":28,"minecraft:bow":1,"minecraft:iron_boots":1,"minecraft:iron_axe":1,"minecraft:ladder":78,"minecraft:melon_seeds":21,"minecraft:iron_hoe":2,"minecraft:stone_pickaxe":2,"minecraft:chest":2,"minecraft:spruce_boat":1,"minecraft:stone_hoe":1,"minecraft:golden_boots":1,"minecraft:wheat":127,"minecraft:cooked_cod":5,"minecraft:crafting_table":3,"minecraft:spruce_planks":44,"minecraft:baked_potato":70,"minecraft:wooden_pickaxe":1,"minecraft:iron_helmet":1,"minecraft:iron_sword":2,"minecraft:cooked_salmon":2,"minecraft:bucket":3,"minecraft:hay_block":14,"minecraft:pumpkin_seeds":12,"minecraft:campfire":2,"minecraft:stone_axe":1,"minecraft:bread":50,"minecraft:air":0,"minecraft:iron_chestplate":1,"minecraft:diamond_pickaxe":2,"minecraft:cherry_sign":6,"minecraft:shield":2,"minecraft:stick":344,"minecraft:iron_ingot":92,"minecraft:iron_pickaxe":7,"minecraft:wooden_axe":1,"minecraft:stone_sword":1,"minecraft:gold_ingot":10,"minecraft:iron_shovel":5,"minecraft:iron_leggings":1,"minecraft:torch":392,"minecraft:shears":1},"minecraft:picked_up":{"minecraft:fishing_rod":1,"minecraft:crafting_table":10,"minecraft:wheat":150,"minecraft:lead":4,"minecraft:wind_charge":1,"minecraft:string":76,"minecraft:raw_copper":45,"minecraft:pufferfish":1,"minecraft:blackstone":82,"minecraft:gold_nugget":34,"minecraft:cobbled_deepslate":773,"minecraft:spruce_planks":13,"minecraft:trial_key":1,"minecraft:melon_slice":124,"minecraft:sugar_cane":270,"minecraft:chest":6,"minecraft:furnace":1,"minecraft:tipped_arrow":6,"minecraft:stick":23,"minecraft:raw_iron":93,"minecraft:oak_fence":2,"minecraft:torch":40,"minecraft:cherry_log":60,"minecraft:diorite":78,"minecraft:redstone":101,"minecraft:arrow":32,"minecraft:rotten_flesh":17,"minecraft:hay_block":17,"minecraft:warped_sign":8,"minecraft:tuff_bricks":44,"minecraft:white_wool":12,"minecraft:obsidian":24,"minecraft:cod":5,"minecraft:bone_block":1,"minecraft:rail":70,"minecraft:cobblestone":464,"minecraft:magma_block":18,"minecraft:basalt":193,"minecraft:magma_cream":1,"minecraft:cherry_planks":5,"minecraft:tripwire_hook":1,"minecraft:andesite":74,"minecraft:salmon":2,"minecraft:leather":4,"minecraft:potato":628,"minecraft:waxed_copper_bulb":2,"minecraft:flint":9,"minecraft:tuff":19,"minecraft:oak_log":20,"minecraft:waxed_copper_block":1,"minecraft:lapis_lazuli":83,"minecraft:dirt":694,"minecraft:bone":14,"minecraft:apple":1,"minecraft:kelp":128,"minecraft:wheat_seeds":431,"minecraft:raw_gold":10,"minecraft:cherry_sign":1,"minecraft:glass_bottle":2,"minecraft:glowstone_dust":17,"minecraft:oak_planks":8,"minecraft:pumpkin":19,"minecraft:dandelion":2,"minecraft:poisonous_potato":4,"minecraft:gravel":72,"minecraft:sand":96,"minecraft:spruce_sapling":1,"minecraft:blast_furnace":1,"minecraft:white_bed":9,"minecraft:spruce_log":11,"minecraft:spider_eye":1,"minecraft:dispenser":1,"minecraft:diamond":9,"minecraft:spruce_boat":3,"minecraft:granite":32,"minecraft:cherry_sapling":41,"minecraft:bread":2,"minecraft:oak_button":1,"minecraft:oak_sapling":17,"minecraft:netherrack":777,"minecraft:melon_seeds":5,"minecraft:coal":153}},"DataVersion":3953}