{"stats":{"minecraft:custom":{"minecraft:mob_kills":18,"minecraft:interact_with_crafting_table":22,"minecraft:leave_game":13,"minecraft:time_since_death":232224,"minecraft:sprint_one_cm":242765,"minecraft:walk_one_cm":895436,"minecraft:damage_blocked_by_shield":630,"minecraft:drop":8,"minecraft:talked_to_villager":2,"minecraft:play_time":296802,"minecraft:walk_under_water_one_cm":9839,"minecraft:deaths":5,"minecraft:sneak_time":2516,"minecraft:boat_one_cm":18122,"minecraft:jump":2813,"minecraft:interact_with_blast_furnace":6,"minecraft:walk_on_water_one_cm":22799,"minecraft:total_world_time":296802,"minecraft:interact_with_furnace":11,"minecraft:sleep_in_bed":11,"minecraft:time_since_rest":10476,"minecraft:damage_taken":2796,"minecraft:damage_dealt":3976,"minecraft:swim_one_cm":856,"minecraft:fly_one_cm":464362,"minecraft:open_chest":51,"minecraft:crouch_one_cm":8506,"minecraft:fall_one_cm":53985},"minecraft:used":{"minecraft:tuff_bricks":2,"minecraft:cherry_sapling":14,"minecraft:stone_sword":64,"minecraft:iron_shovel":366,"minecraft:stone_shovel":13,"minecraft:spruce_planks":13,"minecraft:chest":6,"minecraft:shield":17,"minecraft:iron_sword":86,"minecraft:warped_sign":22,"minecraft:stone_hoe":118,"minecraft:torch":203,"minecraft:dirt":339,"minecraft:spruce_boat":2,"minecraft:wooden_axe":9,"minecraft:iron_axe":39,"minecraft:furnace":2,"minecraft:potato":23,"minecraft:water_bucket":5,"minecraft:stone_pickaxe":265,"minecraft:wooden_pickaxe":5,"minecraft:cherry_planks":5,"minecraft:white_dye":16,"minecraft:glow_ink_sac":16,"minecraft:mossy_cobblestone":219,"minecraft:crafting_table":6,"minecraft:blast_furnace":1,"minecraft:white_bed":9,"minecraft:bread":38,"minecraft:iron_pickaxe":442,"minecraft:stone_axe":88,"minecraft:cobblestone":57,"minecraft:cooked_porkchop":2,"minecraft:bucket":7},"minecraft:dropped":{"minecraft:oak_fence":2,"minecraft:cobblestone":4,"minecraft:wooden_axe":1,"minecraft:stone_axe":1,"minecraft:stone_sword":1,"minecraft:stone_shovel":1,"minecraft:poppy":1,"minecraft:wooden_pickaxe":1},"minecraft:killed":{"minecraft:cave_spider":1,"minecraft:witch":1,"minecraft:skeleton":3,"minecraft:wandering_trader":2,"minecraft:trader_llama":4,"minecraft:zombie":6},"minecraft:mined":{"minecraft:tuff":5,"minecraft:spruce_planks":6,"minecraft:white_bed":9,"minecraft:farmland":1,"minecraft:deepslate_diamond_ore":4,"minecraft:cherry_log":60,"minecraft:cherry_sapling":2,"minecraft:granite":22,"minecraft:grass_block":240,"minecraft:tuff_bricks":3,"minecraft:hay_block":18,"minecraft:furnace":1,"minecraft:iron_ore":31,"minecraft:polished_tuff":1,"minecraft:andesite":47,"minecraft:deepslate_lapis_ore":2,"minecraft:deepslate_iron_ore":36,"minecraft:rail":54,"minecraft:stone":267,"minecraft:deepslate_redstone_ore":4,"minecraft:kelp_plant":3,"minecraft:crafting_table":5,"minecraft:oak_fence":2,"minecraft:torch":3,"minecraft:short_grass":115,"minecraft:blast_furnace":1,"minecraft:chest":6,"minecraft:copper_ore":14,"minecraft:tall_grass":17,"minecraft:cobblestone":5,"minecraft:lapis_ore":2,"minecraft:sugar_cane":8,"minecraft:diorite":7,"minecraft:wall_torch":11,"minecraft:spruce_log":13,"minecraft:coal_ore":109,"minecraft:oak_log":20,"minecraft:cherry_leaves":10,"minecraft:sand":96,"minecraft:dirt":24,"minecraft:cobweb":68,"minecraft:oak_leaves":15,"minecraft:deepslate":91},"minecraft:killed_by":{"minecraft:drowned":1,"minecraft:zombie":2},"minecraft:broken":{"minecraft:iron_shovel":1,"minecraft:stone_pickaxe":2,"minecraft:iron_pickaxe":1},"minecraft:picked_up":{"minecraft:crafting_table":5,"minecraft:lead":4,"minecraft:string":67,"minecraft:raw_copper":45,"minecraft:cobbled_deepslate":83,"minecraft:spruce_planks":6,"minecraft:sugar_cane":17,"minecraft:chest":6,"minecraft:furnace":1,"minecraft:raw_iron":67,"minecraft:stick":21,"minecraft:oak_fence":2,"minecraft:torch":19,"minecraft:cherry_log":60,"minecraft:diorite":6,"minecraft:redstone":25,"minecraft:arrow":5,"minecraft:rotten_flesh":4,"minecraft:hay_block":17,"minecraft:warped_sign":8,"minecraft:tuff_bricks":2,"minecraft:cobblestone":269,"minecraft:rail":54,"minecraft:andesite":47,"minecraft:leather":4,"minecraft:oak_log":20,"minecraft:dirt":267,"minecraft:lapis_lazuli":22,"minecraft:bone":4,"minecraft:apple":1,"minecraft:kelp":8,"minecraft:wheat_seeds":26,"minecraft:glass_bottle":2,"minecraft:dandelion":2,"minecraft:sand":96,"minecraft:spruce_sapling":1,"minecraft:blast_furnace":1,"minecraft:white_bed":9,"minecraft:spruce_log":11,"minecraft:diamond":4,"minecraft:spruce_boat":2,"minecraft:granite":21,"minecraft:cherry_sapling":41,"minecraft:oak_sapling":17,"minecraft:melon_seeds":3,"minecraft:coal":109},"minecraft:crafted":{"minecraft:cherry_planks":80,"minecraft:stone_shovel":1,"minecraft:furnace":2,"minecraft:iron_boots":1,"minecraft:iron_axe":1,"minecraft:stone_pickaxe":2,"minecraft:spruce_boat":1,"minecraft:stone_hoe":1,"minecraft:wheat":127,"minecraft:crafting_table":2,"minecraft:spruce_planks":44,"minecraft:wooden_pickaxe":1,"minecraft:iron_helmet":1,"minecraft:iron_sword":1,"minecraft:bucket":3,"minecraft:stone_axe":1,"minecraft:bread":42,"minecraft:air":0,"minecraft:iron_chestplate":1,"minecraft:diamond_pickaxe":1,"minecraft:shield":1,"minecraft:stick":64,"minecraft:iron_ingot":67,"minecraft:iron_pickaxe":3,"minecraft:wooden_axe":1,"minecraft:stone_sword":1,"minecraft:iron_shovel":2,"minecraft:iron_leggings":1,"minecraft:torch":220}},"DataVersion":3953}