{"stats":{"minecraft:killed_by":{"minecraft:zombie":2,"minecraft:drowned":1},"minecraft:picked_up":{"minecraft:rotten_flesh":2,"minecraft:torch":3,"minecraft:warped_sign":3,"minecraft:dirt":3},"minecraft:custom":{"minecraft:time_since_rest":14158,"minecraft:damage_taken":880,"minecraft:crouch_one_cm":7761,"minecraft:play_time":52066,"minecraft:sprint_one_cm":12858,"minecraft:deaths":3,"minecraft:walk_one_cm":174774,"minecraft:sneak_time":1847,"minecraft:walk_under_water_one_cm":3161,"minecraft:jump":238,"minecraft:damage_dealt":243,"minecraft:leave_game":7,"minecraft:walk_on_water_one_cm":2250,"minecraft:time_since_death":14014,"minecraft:total_world_time":52066,"minecraft:fall_one_cm":2119,"minecraft:fly_one_cm":32755},"minecraft:used":{"minecraft:torch":26,"minecraft:mossy_cobblestone":175,"minecraft:dirt":96,"minecraft:white_dye":8,"minecraft:warped_sign":18,"minecraft:glow_ink_sac":8},"minecraft:mined":{"minecraft:short_grass":4,"minecraft:grass_block":1}},"DataVersion":3953}