{"stats":{"minecraft:killed_by":{"minecraft:zombie":2,"minecraft:drowned":1},"minecraft:crafted":{"minecraft:cherry_planks":80,"minecraft:stone_shovel":1,"minecraft:crafting_table":2,"minecraft:spruce_planks":44,"minecraft:wooden_pickaxe":1,"minecraft:furnace":1,"minecraft:stone_axe":1,"minecraft:bread":21,"minecraft:air":0,"minecraft:shield":1,"minecraft:stick":36,"minecraft:iron_ingot":7,"minecraft:iron_pickaxe":1,"minecraft:stone_pickaxe":2,"minecraft:wooden_axe":1,"minecraft:stone_sword":1,"minecraft:spruce_boat":1,"minecraft:torch":44,"minecraft:stone_hoe":1,"minecraft:wheat":127},"minecraft:picked_up":{"minecraft:crafting_table":3,"minecraft:leather":2,"minecraft:lead":2,"minecraft:dirt":12,"minecraft:raw_copper":43,"minecraft:kelp":8,"minecraft:wheat_seeds":11,"minecraft:spruce_planks":6,"minecraft:sugar_cane":17,"minecraft:chest":6,"minecraft:stick":17,"minecraft:raw_iron":7,"minecraft:torch":3,"minecraft:dandelion":2,"minecraft:cherry_log":60,"minecraft:spruce_sapling":1,"minecraft:blast_furnace":1,"minecraft:white_bed":8,"minecraft:spruce_log":11,"minecraft:rotten_flesh":2,"minecraft:spruce_boat":2,"minecraft:hay_block":17,"minecraft:cherry_sapling":40,"minecraft:warped_sign":8,"minecraft:melon_seeds":3,"minecraft:coal":70,"minecraft:cobblestone":40},"minecraft:custom":{"minecraft:interact_with_furnace":5,"minecraft:mob_kills":6,"minecraft:interact_with_crafting_table":12,"minecraft:leave_game":12,"minecraft:time_since_death":108523,"minecraft:sleep_in_bed":7,"minecraft:time_since_rest":6888,"minecraft:sprint_one_cm":156092,"minecraft:damage_taken":1880,"minecraft:walk_one_cm":533456,"minecraft:drop":3,"minecraft:damage_dealt":1627,"minecraft:talked_to_villager":1,"minecraft:swim_one_cm":856,"minecraft:fly_one_cm":356797,"minecraft:open_chest":20,"minecraft:crouch_one_cm":7890,"minecraft:play_time":173101,"minecraft:deaths":5,"minecraft:sneak_time":1920,"minecraft:walk_under_water_one_cm":8351,"minecraft:boat_one_cm":18122,"minecraft:jump":1979,"minecraft:walk_on_water_one_cm":5852,"minecraft:total_world_time":173101,"minecraft:fall_one_cm":40710},"minecraft:dropped":{"minecraft:poppy":1,"minecraft:wooden_axe":1,"minecraft:wooden_pickaxe":1},"minecraft:killed":{"minecraft:wandering_trader":1,"minecraft:skeleton":1,"minecraft:trader_llama":2,"minecraft:zombie":1},"minecraft:mined":{"minecraft:spruce_planks":6,"minecraft:white_bed":8,"minecraft:kelp_plant":3,"minecraft:cherry_log":60,"minecraft:cherry_sapling":1,"minecraft:crafting_table":3,"minecraft:short_grass":8,"minecraft:blast_furnace":1,"minecraft:grass_block":8,"minecraft:chest":6,"minecraft:copper_ore":13,"minecraft:sugar_cane":8,"minecraft:hay_block":18,"minecraft:iron_ore":7,"minecraft:spruce_log":13,"minecraft:coal_ore":70,"minecraft:cherry_leaves":10,"minecraft:dirt":2,"minecraft:stone":40},"minecraft:used":{"minecraft:cherry_sapling":10,"minecraft:stone_sword":31,"minecraft:stone_shovel":3,"minecraft:stone_pickaxe":129,"minecraft:spruce_planks":13,"minecraft:chest":6,"minecraft:wooden_pickaxe":5,"minecraft:white_dye":16,"minecraft:warped_sign":22,"minecraft:glow_ink_sac":16,"minecraft:torch":48,"minecraft:mossy_cobblestone":219,"minecraft:dirt":247,"minecraft:crafting_table":4,"minecraft:white_bed":8,"minecraft:spruce_boat":2,"minecraft:wooden_axe":9,"minecraft:bread":16,"minecraft:stone_axe":88,"minecraft:furnace":1,"minecraft:cooked_porkchop":2}},"DataVersion":3953}