{"stats":{"minecraft:custom":{"minecraft:interact_with_furnace":11,"minecraft:mob_kills":17,"minecraft:interact_with_crafting_table":20,"minecraft:leave_game":13,"minecraft:time_since_death":208224,"minecraft:sleep_in_bed":9,"minecraft:time_since_rest":10589,"minecraft:sprint_one_cm":217713,"minecraft:damage_taken":2267,"minecraft:walk_one_cm":773090,"minecraft:damage_blocked_by_shield":630,"minecraft:drop":8,"minecraft:damage_dealt":3717,"minecraft:swim_one_cm":856,"minecraft:talked_to_villager":2,"minecraft:fly_one_cm":434254,"minecraft:open_chest":43,"minecraft:crouch_one_cm":8506,"minecraft:play_time":272802,"minecraft:deaths":5,"minecraft:sneak_time":2516,"minecraft:walk_under_water_one_cm":9839,"minecraft:boat_one_cm":18122,"minecraft:jump":2629,"minecraft:interact_with_blast_furnace":6,"minecraft:walk_on_water_one_cm":16949,"minecraft:total_world_time":272802,"minecraft:fall_one_cm":50521},"minecraft:used":{"minecraft:tuff_bricks":2,"minecraft:cherry_sapling":14,"minecraft:stone_sword":64,"minecraft:stone_shovel":13,"minecraft:stone_pickaxe":265,"minecraft:wooden_pickaxe":5,"minecraft:chest":6,"minecraft:spruce_planks":13,"minecraft:shield":17,"minecraft:cherry_planks":5,"minecraft:iron_sword":82,"minecraft:warped_sign":22,"minecraft:white_dye":16,"minecraft:glow_ink_sac":16,"minecraft:torch":202,"minecraft:mossy_cobblestone":219,"minecraft:dirt":247,"minecraft:crafting_table":5,"minecraft:blast_furnace":1,"minecraft:white_bed":9,"minecraft:spruce_boat":2,"minecraft:wooden_axe":9,"minecraft:iron_axe":3,"minecraft:bread":27,"minecraft:iron_pickaxe":441,"minecraft:stone_axe":88,"minecraft:cobblestone":53,"minecraft:cooked_porkchop":2,"minecraft:furnace":2,"minecraft:bucket":2},"minecraft:dropped":{"minecraft:stone_axe":1,"minecraft:stone_sword":1,"minecraft:stone_shovel":1,"minecraft:oak_fence":2,"minecraft:cobblestone":4,"minecraft:poppy":1,"minecraft:wooden_axe":1,"minecraft:wooden_pickaxe":1},"minecraft:killed":{"minecraft:cave_spider":1,"minecraft:wandering_trader":2,"minecraft:skeleton":3,"minecraft:trader_llama":4,"minecraft:zombie":6},"minecraft:mined":{"minecraft:deepslate_redstone_ore":4,"minecraft:tuff":5,"minecraft:spruce_planks":6,"minecraft:white_bed":9,"minecraft:deepslate_diamond_ore":4,"minecraft:kelp_plant":3,"minecraft:cherry_log":60,"minecraft:cherry_sapling":2,"minecraft:oak_fence":2,"minecraft:crafting_table":4,"minecraft:torch":3,"minecraft:granite":22,"minecraft:short_grass":10,"minecraft:blast_furnace":1,"minecraft:grass_block":8,"minecraft:chest":6,"minecraft:tall_grass":1,"minecraft:copper_ore":14,"minecraft:cobblestone":4,"minecraft:lapis_ore":2,"minecraft:sugar_cane":8,"minecraft:diorite":7,"minecraft:tuff_bricks":3,"minecraft:wall_torch":11,"minecraft:hay_block":18,"minecraft:furnace":1,"minecraft:iron_ore":31,"minecraft:polished_tuff":1,"minecraft:spruce_log":13,"minecraft:andesite":47,"minecraft:deepslate_lapis_ore":2,"minecraft:coal_ore":109,"minecraft:deepslate_iron_ore":36,"minecraft:rail":54,"minecraft:cherry_leaves":10,"minecraft:dirt":13,"minecraft:cobweb":68,"minecraft:stone":267,"minecraft:deepslate":91},"minecraft:killed_by":{"minecraft:zombie":2,"minecraft:drowned":1},"minecraft:picked_up":{"minecraft:crafting_table":4,"minecraft:andesite":46,"minecraft:leather":4,"minecraft:lead":4,"minecraft:lapis_lazuli":22,"minecraft:dirt":23,"minecraft:string":67,"minecraft:raw_copper":45,"minecraft:bone":2,"minecraft:kelp":8,"minecraft:wheat_seeds":12,"minecraft:cobbled_deepslate":83,"minecraft:spruce_planks":6,"minecraft:sugar_cane":17,"minecraft:chest":6,"minecraft:furnace":1,"minecraft:stick":17,"minecraft:raw_iron":67,"minecraft:oak_fence":2,"minecraft:torch":19,"minecraft:dandelion":2,"minecraft:cherry_log":60,"minecraft:spruce_sapling":1,"minecraft:blast_furnace":1,"minecraft:diorite":6,"minecraft:white_bed":9,"minecraft:spruce_log":11,"minecraft:redstone":18,"minecraft:arrow":3,"minecraft:rotten_flesh":4,"minecraft:diamond":4,"minecraft:spruce_boat":2,"minecraft:hay_block":17,"minecraft:granite":21,"minecraft:cherry_sapling":41,"minecraft:warped_sign":8,"minecraft:tuff_bricks":2,"minecraft:melon_seeds":3,"minecraft:coal":107,"minecraft:rail":54,"minecraft:cobblestone":268},"minecraft:crafted":{"minecraft:cherry_planks":80,"minecraft:stone_shovel":1,"minecraft:crafting_table":2,"minecraft:spruce_planks":44,"minecraft:wooden_pickaxe":1,"minecraft:iron_helmet":1,"minecraft:iron_sword":1,"minecraft:furnace":2,"minecraft:bucket":3,"minecraft:stone_axe":1,"minecraft:bread":21,"minecraft:air":0,"minecraft:iron_boots":1,"minecraft:iron_chestplate":1,"minecraft:diamond_pickaxe":1,"minecraft:shield":1,"minecraft:iron_axe":1,"minecraft:stick":56,"minecraft:iron_ingot":67,"minecraft:iron_pickaxe":3,"minecraft:stone_pickaxe":2,"minecraft:wooden_axe":1,"minecraft:stone_sword":1,"minecraft:iron_shovel":1,"minecraft:iron_leggings":1,"minecraft:spruce_boat":1,"minecraft:torch":188,"minecraft:stone_hoe":1,"minecraft:wheat":127},"minecraft:broken":{"minecraft:stone_pickaxe":2,"minecraft:iron_pickaxe":1}},"DataVersion":3953}