{"stats":{"minecraft:killed_by":{"minecraft:zombie":2,"minecraft:drowned":1},"minecraft:crafted":{"minecraft:stone_shovel":1,"minecraft:crafting_table":1,"minecraft:spruce_planks":44,"minecraft:wooden_pickaxe":1,"minecraft:furnace":1,"minecraft:stone_axe":1,"minecraft:bread":21,"minecraft:air":0,"minecraft:stick":28,"minecraft:iron_ingot":7,"minecraft:iron_pickaxe":1,"minecraft:stone_pickaxe":2,"minecraft:wooden_axe":1,"minecraft:stone_sword":1,"minecraft:spruce_boat":1,"minecraft:torch":44,"minecraft:stone_hoe":1,"minecraft:wheat":99},"minecraft:picked_up":{"minecraft:crafting_table":3,"minecraft:dirt":5,"minecraft:raw_copper":43,"minecraft:kelp":8,"minecraft:wheat_seeds":9,"minecraft:chest":6,"minecraft:raw_iron":7,"minecraft:torch":3,"minecraft:dandelion":2,"minecraft:spruce_sapling":1,"minecraft:blast_furnace":1,"minecraft:white_bed":5,"minecraft:spruce_log":11,"minecraft:rotten_flesh":2,"minecraft:spruce_boat":1,"minecraft:hay_block":17,"minecraft:warped_sign":8,"minecraft:melon_seeds":3,"minecraft:coal":70,"minecraft:cobblestone":40},"minecraft:custom":{"minecraft:interact_with_furnace":3,"minecraft:interact_with_crafting_table":9,"minecraft:leave_game":11,"minecraft:time_since_death":71793,"minecraft:sleep_in_bed":4,"minecraft:time_since_rest":8173,"minecraft:sprint_one_cm":128795,"minecraft:damage_taken":1500,"minecraft:walk_one_cm":385225,"minecraft:drop":2,"minecraft:damage_dealt":243,"minecraft:swim_one_cm":856,"minecraft:fly_one_cm":280990,"minecraft:open_chest":6,"minecraft:crouch_one_cm":7890,"minecraft:play_time":136371,"minecraft:deaths":5,"minecraft:sneak_time":1910,"minecraft:walk_under_water_one_cm":8351,"minecraft:boat_one_cm":12464,"minecraft:jump":1449,"minecraft:walk_on_water_one_cm":5081,"minecraft:total_world_time":136371,"minecraft:fall_one_cm":33492},"minecraft:dropped":{"minecraft:wooden_axe":1,"minecraft:wooden_pickaxe":1},"minecraft:used":{"minecraft:stone_shovel":2,"minecraft:stone_pickaxe":129,"minecraft:spruce_planks":7,"minecraft:wooden_pickaxe":5,"minecraft:white_dye":16,"minecraft:warped_sign":22,"minecraft:glow_ink_sac":16,"minecraft:torch":30,"minecraft:mossy_cobblestone":219,"minecraft:dirt":239,"minecraft:crafting_table":4,"minecraft:white_bed":4,"minecraft:spruce_boat":1,"minecraft:wooden_axe":9,"minecraft:bread":7,"minecraft:stone_axe":13,"minecraft:furnace":1,"minecraft:cooked_porkchop":2},"minecraft:mined":{"minecraft:white_bed":5,"minecraft:kelp_plant":3,"minecraft:crafting_table":3,"minecraft:short_grass":4,"minecraft:blast_furnace":1,"minecraft:grass_block":3,"minecraft:chest":6,"minecraft:copper_ore":13,"minecraft:hay_block":18,"minecraft:iron_ore":7,"minecraft:spruce_log":13,"minecraft:coal_ore":70,"minecraft:stone":40}},"DataVersion":3953}