{"stats":{"minecraft:killed_by":{"minecraft:drowned":1,"minecraft:zombie":2},"minecraft:crafted":{"minecraft:stone_shovel":1,"minecraft:crafting_table":1,"minecraft:spruce_planks":44,"minecraft:stick":28,"minecraft:wooden_pickaxe":1,"minecraft:stone_pickaxe":1,"minecraft:wooden_axe":1,"minecraft:stone_sword":1,"minecraft:spruce_boat":1,"minecraft:stone_hoe":1,"minecraft:stone_axe":1,"minecraft:bread":21,"minecraft:wheat":99},"minecraft:picked_up":{"minecraft:crafting_table":3,"minecraft:raw_iron":7,"minecraft:torch":3,"minecraft:dandelion":2,"minecraft:spruce_sapling":1,"minecraft:white_bed":4,"minecraft:spruce_log":11,"minecraft:dirt":5,"minecraft:raw_copper":43,"minecraft:rotten_flesh":2,"minecraft:kelp":8,"minecraft:spruce_boat":1,"minecraft:hay_block":11,"minecraft:warped_sign":8,"minecraft:chest":2,"minecraft:coal":70,"minecraft:cobblestone":40},"minecraft:custom":{"minecraft:time_since_rest":2872,"minecraft:sprint_one_cm":77785,"minecraft:damage_taken":1410,"minecraft:walk_one_cm":332203,"minecraft:drop":2,"minecraft:damage_dealt":243,"minecraft:swim_one_cm":856,"minecraft:interact_with_crafting_table":5,"minecraft:fly_one_cm":168292,"minecraft:open_chest":2,"minecraft:crouch_one_cm":7890,"minecraft:play_time":118371,"minecraft:deaths":5,"minecraft:sneak_time":1910,"minecraft:walk_under_water_one_cm":8351,"minecraft:boat_one_cm":12464,"minecraft:jump":1054,"minecraft:leave_game":11,"minecraft:walk_on_water_one_cm":4851,"minecraft:time_since_death":53793,"minecraft:sleep_in_bed":3,"minecraft:total_world_time":118371,"minecraft:fall_one_cm":20391},"minecraft:dropped":{"minecraft:wooden_axe":1,"minecraft:wooden_pickaxe":1},"minecraft:mined":{"minecraft:hay_block":11,"minecraft:white_bed":4,"minecraft:kelp_plant":3,"minecraft:iron_ore":7,"minecraft:spruce_log":13,"minecraft:crafting_table":3,"minecraft:short_grass":4,"minecraft:grass_block":3,"minecraft:coal_ore":70,"minecraft:chest":2,"minecraft:copper_ore":13,"minecraft:stone":40},"minecraft:used":{"minecraft:spruce_boat":1,"minecraft:wooden_axe":9,"minecraft:bread":2,"minecraft:stone_shovel":2,"minecraft:stone_pickaxe":128,"minecraft:wooden_pickaxe":5,"minecraft:white_dye":16,"minecraft:warped_sign":22,"minecraft:glow_ink_sac":16,"minecraft:stone_axe":1,"minecraft:torch":30,"minecraft:dirt":239,"minecraft:mossy_cobblestone":219,"minecraft:crafting_table":3,"minecraft:cooked_porkchop":2,"minecraft:white_bed":3}},"DataVersion":3953}