{"stats":{"minecraft:killed":{"minecraft:cave_spider":1,"minecraft:bogged":3,"minecraft:witch":1,"minecraft:spider":3,"minecraft:skeleton":7,"minecraft:magma_cube":10,"minecraft:wandering_trader":2,"minecraft:creeper":1,"minecraft:trader_llama":4,"minecraft:pillager":2,"minecraft:zombie":11},"minecraft:mined":{"minecraft:tuff":5,"minecraft:spruce_planks":13,"minecraft:white_bed":9,"minecraft:farmland":1,"minecraft:deepslate_diamond_ore":4,"minecraft:cherry_log":60,"minecraft:cherry_sapling":2,"minecraft:obsidian":27,"minecraft:granite":22,"minecraft:grass_block":564,"minecraft:kelp":1,"minecraft:tuff_bricks":45,"minecraft:cherry_wall_sign":1,"minecraft:hay_block":18,"minecraft:magma_block":18,"minecraft:glowstone":7,"minecraft:furnace":1,"minecraft:iron_ore":33,"minecraft:cobbled_deepslate":1,"minecraft:polished_tuff":1,"minecraft:andesite":55,"minecraft:pumpkin":13,"minecraft:deepslate_lapis_ore":2,"minecraft:potatoes":48,"minecraft:rail":54,"minecraft:deepslate_iron_ore":36,"minecraft:stone":293,"minecraft:bone_block":1,"minecraft:deepslate_redstone_ore":9,"minecraft:cherry_planks":5,"minecraft:blackstone":4,"minecraft:kelp_plant":23,"minecraft:basalt":19,"minecraft:crafting_table":8,"minecraft:oak_fence":2,"minecraft:torch":3,"minecraft:short_grass":137,"minecraft:blast_furnace":1,"minecraft:melon":4,"minecraft:chest":6,"minecraft:tall_grass":20,"minecraft:copper_ore":14,"minecraft:cobblestone":26,"minecraft:deepslate_gold_ore":5,"minecraft:lapis_ore":2,"minecraft:sugar_cane":76,"minecraft:diorite":7,"minecraft:wall_torch":18,"minecraft:waxed_copper_bulb":2,"minecraft:wheat":42,"minecraft:spruce_log":13,"minecraft:waxed_copper_block":1,"minecraft:oak_log":20,"minecraft:coal_ore":109,"minecraft:cherry_leaves":10,"minecraft:gravel":74,"minecraft:sand":96,"minecraft:dirt":129,"minecraft:cobweb":68,"minecraft:dispenser":1,"minecraft:oak_leaves":15,"minecraft:deepslate":553},"minecraft:broken":{"minecraft:iron_shovel":4,"minecraft:stone_hoe":1,"minecraft:stone_pickaxe":2,"minecraft:iron_pickaxe":4,"minecraft:iron_hoe":1},"minecraft:killed_by":{"minecraft:drowned":1,"minecraft:zombie":2},"minecraft:picked_up":{"minecraft:crafting_table":8,"minecraft:wheat":42,"minecraft:lead":4,"minecraft:string":70,"minecraft:raw_copper":45,"minecraft:blackstone":3,"minecraft:cobbled_deepslate":546,"minecraft:spruce_planks":13,"minecraft:melon_slice":17,"minecraft:sugar_cane":145,"minecraft:chest":6,"minecraft:furnace":1,"minecraft:tipped_arrow":1,"minecraft:stick":23,"minecraft:raw_iron":69,"minecraft:oak_fence":2,"minecraft:torch":26,"minecraft:cherry_log":60,"minecraft:diorite":6,"minecraft:redstone":49,"minecraft:arrow":15,"minecraft:rotten_flesh":7,"minecraft:hay_block":17,"minecraft:warped_sign":8,"minecraft:tuff_bricks":44,"minecraft:obsidian":24,"minecraft:cobblestone":315,"minecraft:rail":54,"minecraft:bone_block":1,"minecraft:magma_block":18,"minecraft:basalt":19,"minecraft:magma_cream":1,"minecraft:cherry_planks":5,"minecraft:andesite":55,"minecraft:leather":4,"minecraft:potato":159,"minecraft:waxed_copper_bulb":2,"minecraft:flint":9,"minecraft:oak_log":20,"minecraft:waxed_copper_block":1,"minecraft:dirt":694,"minecraft:lapis_lazuli":22,"minecraft:bone":14,"minecraft:apple":1,"minecraft:kelp":128,"minecraft:wheat_seeds":156,"minecraft:raw_gold":5,"minecraft:cherry_sign":1,"minecraft:glowstone_dust":17,"minecraft:glass_bottle":2,"minecraft:pumpkin":13,"minecraft:dandelion":2,"minecraft:poisonous_potato":2,"minecraft:gravel":68,"minecraft:sand":96,"minecraft:spruce_sapling":1,"minecraft:blast_furnace":1,"minecraft:white_bed":9,"minecraft:spruce_log":11,"minecraft:spider_eye":1,"minecraft:dispenser":1,"minecraft:diamond":4,"minecraft:spruce_boat":2,"minecraft:granite":21,"minecraft:cherry_sapling":41,"minecraft:bread":2,"minecraft:oak_button":1,"minecraft:oak_sapling":17,"minecraft:melon_seeds":3,"minecraft:coal":109},"minecraft:custom":{"minecraft:mob_kills":46,"minecraft:interact_with_crafting_table":44,"minecraft:leave_game":15,"minecraft:time_since_death":417817,"minecraft:climb_one_cm":5016,"minecraft:sprint_one_cm":462295,"minecraft:walk_one_cm":1409713,"minecraft:damage_blocked_by_shield":2080,"minecraft:drop":9,"minecraft:talked_to_villager":2,"minecraft:play_time":482395,"minecraft:deaths":5,"minecraft:sneak_time":6025,"minecraft:walk_under_water_one_cm":11409,"minecraft:boat_one_cm":18122,"minecraft:jump":4761,"minecraft:interact_with_blast_furnace":15,"minecraft:walk_on_water_one_cm":43484,"minecraft:total_world_time":482395,"minecraft:interact_with_furnace":22,"minecraft:sleep_in_bed":20,"minecraft:time_since_rest":16642,"minecraft:damage_taken":3347,"minecraft:damage_dealt":6397,"minecraft:swim_one_cm":20576,"minecraft:fly_one_cm":814517,"minecraft:open_chest":145,"minecraft:crouch_one_cm":9277,"minecraft:fall_one_cm":94162,"minecraft:inspect_dispenser":4},"minecraft:dropped":{"minecraft:oak_fence":2,"minecraft:cobblestone":4,"minecraft:stick":2,"minecraft:wooden_axe":1,"minecraft:stone_axe":1,"minecraft:stone_sword":1,"minecraft:stone_shovel":1,"minecraft:poppy":1,"minecraft:wooden_pickaxe":1},"minecraft:used":{"minecraft:tuff_bricks":3,"minecraft:cherry_sapling":14,"minecraft:stone_sword":64,"minecraft:iron_shovel":1052,"minecraft:flint_and_steel":1,"minecraft:stone_shovel":13,"minecraft:ladder":29,"minecraft:bone_block":1,"minecraft:chest":6,"minecraft:spruce_planks":13,"minecraft:shield":54,"minecraft:iron_sword":134,"minecraft:warped_sign":22,"minecraft:stone_hoe":203,"minecraft:torch":244,"minecraft:dirt":349,"minecraft:obsidian":22,"minecraft:spruce_boat":2,"minecraft:iron_hoe":481,"minecraft:wooden_axe":9,"minecraft:iron_axe":74,"minecraft:cherry_trapdoor":6,"minecraft:melon_seeds":8,"minecraft:bow":19,"minecraft:hay_block":2,"minecraft:furnace":3,"minecraft:potato":182,"minecraft:cobbled_deepslate":51,"minecraft:wheat_seeds":156,"minecraft:water_bucket":14,"minecraft:stone_pickaxe":265,"minecraft:wooden_pickaxe":5,"minecraft:cherry_planks":5,"minecraft:white_dye":16,"minecraft:sugar_cane":51,"minecraft:glow_ink_sac":16,"minecraft:mossy_cobblestone":219,"minecraft:crafting_table":10,"minecraft:blast_furnace":1,"minecraft:campfire":2,"minecraft:white_bed":9,"minecraft:pumpkin_seeds":11,"minecraft:diamond_pickaxe":42,"minecraft:map":1,"minecraft:bread":60,"minecraft:iron_pickaxe":1054,"minecraft:cherry_sign":6,"minecraft:stone_axe":88,"minecraft:cobblestone":105,"minecraft:cooked_porkchop":2,"minecraft:bucket":16,"minecraft:waxed_copper_bulb":1},"minecraft:crafted":{"minecraft:cherry_planks":160,"minecraft:stone_shovel":1,"minecraft:fishing_rod":1,"minecraft:furnace":2,"minecraft:flint_and_steel":1,"minecraft:glass":28,"minecraft:cherry_trapdoor":6,"minecraft:iron_boots":1,"minecraft:bow":1,"minecraft:ladder":78,"minecraft:melon_seeds":6,"minecraft:iron_axe":1,"minecraft:iron_hoe":2,"minecraft:stone_pickaxe":2,"minecraft:spruce_boat":1,"minecraft:stone_hoe":1,"minecraft:golden_boots":1,"minecraft:wheat":127,"minecraft:crafting_table":3,"minecraft:spruce_planks":44,"minecraft:wooden_pickaxe":1,"minecraft:iron_helmet":1,"minecraft:iron_sword":1,"minecraft:hay_block":2,"minecraft:bucket":3,"minecraft:pumpkin_seeds":12,"minecraft:campfire":2,"minecraft:stone_axe":1,"minecraft:bread":50,"minecraft:air":0,"minecraft:iron_chestplate":1,"minecraft:cherry_sign":6,"minecraft:diamond_pickaxe":1,"minecraft:shield":1,"minecraft:stick":276,"minecraft:iron_ingot":69,"minecraft:iron_pickaxe":5,"minecraft:wooden_axe":1,"minecraft:stone_sword":1,"minecraft:gold_ingot":5,"minecraft:iron_shovel":5,"minecraft:iron_leggings":1,"minecraft:torch":220,"minecraft:shears":1}},"DataVersion":3953}