{"stats":{"minecraft:custom":{"minecraft:mob_kills":69,"minecraft:interact_with_crafting_table":81,"minecraft:open_barrel":5,"minecraft:leave_game":16,"minecraft:time_since_death":667443,"minecraft:climb_one_cm":15190,"minecraft:sprint_one_cm":976541,"minecraft:walk_one_cm":2105468,"minecraft:damage_blocked_by_shield":3010,"minecraft:drop":25,"minecraft:talked_to_villager":4,"minecraft:play_time":732021,"minecraft:deaths":5,"minecraft:sneak_time":11480,"minecraft:walk_under_water_one_cm":13474,"minecraft:boat_one_cm":157932,"minecraft:jump":7484,"minecraft:interact_with_blast_furnace":25,"minecraft:walk_on_water_one_cm":52961,"minecraft:total_world_time":732021,"minecraft:interact_with_furnace":53,"minecraft:interact_with_stonecutter":3,"minecraft:interact_with_grindstone":2,"minecraft:sleep_in_bed":33,"minecraft:time_since_rest":11352,"minecraft:damage_taken":4476,"minecraft:damage_dealt":9671,"minecraft:swim_one_cm":40078,"minecraft:fly_one_cm":1285484,"minecraft:open_chest":292,"minecraft:crouch_one_cm":20146,"minecraft:interact_with_smoker":20,"minecraft:fish_caught":8,"minecraft:fall_one_cm":147708,"minecraft:inspect_dispenser":5,"minecraft:horse_one_cm":222094},"minecraft:used":{"minecraft:tuff_bricks":4,"minecraft:cherry_sapling":14,"minecraft:stone_sword":64,"minecraft:iron_shovel":1176,"minecraft:flint_and_steel":1,"minecraft:stone_shovel":13,"minecraft:ladder":47,"minecraft:bone_block":1,"minecraft:chest":12,"minecraft:spruce_planks":13,"minecraft:shield":84,"minecraft:iron_sword":193,"minecraft:warped_sign":22,"minecraft:cooked_salmon":2,"minecraft:stone_hoe":203,"minecraft:trial_key":1,"minecraft:netherrack":436,"minecraft:torch":458,"minecraft:brewing_stand":1,"minecraft:dirt":402,"minecraft:obsidian":22,"minecraft:spruce_boat":4,"minecraft:iron_hoe":513,"minecraft:wooden_axe":9,"minecraft:iron_axe":469,"minecraft:cherry_trapdoor":6,"minecraft:melon_seeds":20,"minecraft:bow":20,"minecraft:hay_block":4,"minecraft:furnace":6,"minecraft:cooked_cod":5,"minecraft:cherry_fence":2,"minecraft:potato":415,"minecraft:cobbled_deepslate":57,"minecraft:wheat_seeds":316,"minecraft:water_bucket":15,"minecraft:composter":2,"minecraft:lead":2,"minecraft:baked_potato":19,"minecraft:stone_pickaxe":265,"minecraft:blackstone":1,"minecraft:wooden_pickaxe":5,"minecraft:stonecutter":2,"minecraft:cherry_planks":5,"minecraft:white_dye":16,"minecraft:glow_ink_sac":16,"minecraft:sugar_cane":51,"minecraft:mossy_cobblestone":219,"minecraft:crafting_table":15,"minecraft:blast_furnace":3,"minecraft:campfire":4,"minecraft:white_bed":13,"minecraft:smoker":3,"minecraft:pumpkin_seeds":22,"minecraft:diamond_pickaxe":1307,"minecraft:melon_slice":19,"minecraft:bread":68,"minecraft:map":1,"minecraft:iron_pickaxe":1522,"minecraft:cherry_sign":6,"minecraft:chiseled_tuff_bricks":3,"minecraft:stone_axe":88,"minecraft:fishing_rod":11,"minecraft:cobblestone":157,"minecraft:grindstone":2,"minecraft:cooked_porkchop":2,"minecraft:bucket":17,"minecraft:waxed_copper_bulb":1},"minecraft:dropped":{"minecraft:bread":5,"minecraft:soul_sand":1,"minecraft:iron_sword":1,"minecraft:oak_fence":2,"minecraft:cobblestone":67,"minecraft:stick":2,"minecraft:diorite":8,"minecraft:wooden_axe":1,"minecraft:bone":1,"minecraft:gravel":2,"minecraft:furnace":2,"minecraft:stone_axe":1,"minecraft:stone_sword":1,"minecraft:cobbled_deepslate":56,"minecraft:raw_iron":1,"minecraft:stone_shovel":1,"minecraft:tall_grass":2,"minecraft:rotten_flesh":1,"minecraft:poppy":1,"minecraft:melon_seeds":1,"minecraft:wooden_pickaxe":1,"minecraft:netherrack":64},"minecraft:killed":{"minecraft:cave_spider":1,"minecraft:bogged":3,"minecraft:witch":1,"minecraft:spider":4,"minecraft:skeleton":11,"minecraft:magma_cube":12,"minecraft:husk":6,"minecraft:wandering_trader":2,"minecraft:creeper":2,"minecraft:sheep":3,"minecraft:trader_llama":4,"minecraft:pillager":2,"minecraft:zombie":15,"minecraft:cow":2},"minecraft:mined":{"minecraft:nether_gold_ore":10,"minecraft:tuff":21,"minecraft:attached_melon_stem":1,"minecraft:spruce_planks":13,"minecraft:white_bed":13,"minecraft:farmland":1,"minecraft:deepslate_diamond_ore":9,"minecraft:cherry_log":60,"minecraft:cherry_sapling":2,"minecraft:brewing_stand":1,"minecraft:obsidian":27,"minecraft:granite":33,"minecraft:grass_block":587,"minecraft:soul_soil":3,"minecraft:composter":2,"minecraft:kelp":1,"minecraft:tuff_bricks":46,"minecraft:cherry_wall_sign":1,"minecraft:hay_block":82,"minecraft:redstone_ore":4,"minecraft:magma_block":18,"minecraft:glowstone":8,"minecraft:furnace":4,"minecraft:iron_ore":43,"minecraft:barrel":1,"minecraft:cobbled_deepslate":1,"minecraft:polished_tuff":1,"minecraft:andesite":74,"minecraft:pumpkin":23,"minecraft:deepslate_lapis_ore":7,"minecraft:potatoes":181,"minecraft:deepslate_iron_ore":49,"minecraft:rail":70,"minecraft:stone":441,"minecraft:bone_block":1,"minecraft:deepslate_redstone_ore":17,"minecraft:soul_sand":68,"minecraft:cherry_planks":5,"minecraft:blackstone":84,"minecraft:smoker":1,"minecraft:melon_stem":3,"minecraft:kelp_plant":37,"minecraft:basalt":194,"minecraft:oak_fence":2,"minecraft:crafting_table":13,"minecraft:torch":5,"minecraft:short_grass":171,"minecraft:blast_furnace":2,"minecraft:melon":28,"minecraft:chest":15,"minecraft:tall_grass":22,"minecraft:copper_ore":14,"minecraft:cobblestone":28,"minecraft:lapis_ore":7,"minecraft:deepslate_gold_ore":7,"minecraft:grindstone":2,"minecraft:sugar_cane":223,"minecraft:diorite":84,"minecraft:wall_torch":29,"minecraft:waxed_copper_bulb":2,"minecraft:birch_log":72,"minecraft:wheat":166,"minecraft:birch_leaves":3,"minecraft:spruce_log":13,"minecraft:waxed_copper_block":1,"minecraft:coal_ore":137,"minecraft:oak_log":167,"minecraft:cherry_leaves":10,"minecraft:gravel":79,"minecraft:sand":99,"minecraft:dirt":153,"minecraft:cobweb":74,"minecraft:stonecutter":2,"minecraft:netherrack":886,"minecraft:dispenser":1,"minecraft:gold_ore":3,"minecraft:oak_leaves":50,"minecraft:deepslate":747},"minecraft:killed_by":{"minecraft:drowned":1,"minecraft:zombie":2},"minecraft:broken":{"minecraft:iron_shovel":4,"minecraft:stone_hoe":1,"minecraft:stone_pickaxe":2,"minecraft:shield":1,"minecraft:iron_axe":1,"minecraft:iron_pickaxe":6,"minecraft:iron_hoe":2},"minecraft:crafted":{"minecraft:cherry_planks":220,"minecraft:smooth_stone":3,"minecraft:oak_planks":56,"minecraft:stone_shovel":1,"minecraft:fishing_rod":1,"minecraft:leather_horse_armor":1,"minecraft:melon":8,"minecraft:furnace":7,"minecraft:blast_furnace":1,"minecraft:stone":4,"minecraft:flint_and_steel":1,"minecraft:cherry_trapdoor":6,"minecraft:glass":28,"minecraft:bow":1,"minecraft:iron_boots":1,"minecraft:iron_axe":3,"minecraft:ladder":78,"minecraft:melon_seeds":35,"minecraft:iron_hoe":3,"minecraft:stone_pickaxe":2,"minecraft:chest":2,"minecraft:spruce_boat":1,"minecraft:dried_kelp_block":16,"minecraft:stone_hoe":1,"minecraft:cherry_fence":3,"minecraft:smoker":2,"minecraft:golden_boots":1,"minecraft:wheat":127,"minecraft:cooked_cod":5,"minecraft:crafting_table":3,"minecraft:dried_kelp":152,"minecraft:spruce_planks":44,"minecraft:baked_potato":70,"minecraft:wooden_pickaxe":1,"minecraft:iron_helmet":1,"minecraft:iron_sword":2,"minecraft:cooked_salmon":2,"minecraft:bucket":3,"minecraft:hay_block":14,"minecraft:pumpkin_seeds":24,"minecraft:campfire":10,"minecraft:stone_axe":1,"minecraft:bread":50,"minecraft:air":0,"minecraft:charcoal":18,"minecraft:iron_chestplate":1,"minecraft:diamond_pickaxe":2,"minecraft:cherry_sign":6,"minecraft:shield":2,"minecraft:stick":344,"minecraft:iron_ingot":92,"minecraft:iron_pickaxe":7,"minecraft:wooden_axe":1,"minecraft:stone_sword":1,"minecraft:gold_ingot":10,"minecraft:iron_shovel":5,"minecraft:iron_leggings":1,"minecraft:white_bed":1,"minecraft:chiseled_tuff_bricks":3,"minecraft:torch":432,"minecraft:shears":1},"minecraft:picked_up":{"minecraft:fishing_rod":1,"minecraft:crafting_table":13,"minecraft:wheat":150,"minecraft:lead":7,"minecraft:brewing_stand":1,"minecraft:wind_charge":1,"minecraft:soul_soil":3,"minecraft:string":76,"minecraft:raw_copper":45,"minecraft:pufferfish":1,"minecraft:blackstone":82,"minecraft:gold_nugget":34,"minecraft:cobbled_deepslate":773,"minecraft:spruce_planks":13,"minecraft:beef":3,"minecraft:trial_key":1,"minecraft:birch_sapling":28,"minecraft:melon_slice":131,"minecraft:sugar_cane":366,"minecraft:chest":15,"minecraft:furnace":4,"minecraft:tipped_arrow":6,"minecraft:stick":46,"minecraft:raw_iron":93,"minecraft:composter":2,"minecraft:oak_fence":2,"minecraft:torch":42,"minecraft:cherry_log":60,"minecraft:diorite":78,"minecraft:redstone":101,"minecraft:arrow":37,"minecraft:rotten_flesh":18,"minecraft:hay_block":80,"minecraft:warped_sign":8,"minecraft:mutton":4,"minecraft:tuff_bricks":45,"minecraft:white_wool":15,"minecraft:obsidian":24,"minecraft:cod":5,"minecraft:bone_block":1,"minecraft:rail":70,"minecraft:cobblestone":500,"minecraft:birch_log":72,"minecraft:magma_block":18,"minecraft:basalt":193,"minecraft:magma_cream":1,"minecraft:cherry_planks":5,"minecraft:tripwire_hook":1,"minecraft:andesite":74,"minecraft:salmon":2,"minecraft:leather":8,"minecraft:smoker":1,"minecraft:potato":629,"minecraft:waxed_copper_bulb":2,"minecraft:flint":9,"minecraft:tuff":19,"minecraft:oak_log":166,"minecraft:waxed_copper_block":1,"minecraft:lapis_lazuli":83,"minecraft:dirt":741,"minecraft:bone":16,"minecraft:apple":8,"minecraft:kelp":229,"minecraft:stonecutter":2,"minecraft:grindstone":2,"minecraft:wheat_seeds":444,"minecraft:raw_gold":10,"minecraft:cherry_sign":1,"minecraft:glass_bottle":2,"minecraft:glowstone_dust":17,"minecraft:soul_sand":66,"minecraft:oak_planks":8,"minecraft:pumpkin":23,"minecraft:dandelion":2,"minecraft:poisonous_potato":4,"minecraft:gravel":72,"minecraft:sand":99,"minecraft:spruce_sapling":1,"minecraft:blast_furnace":2,"minecraft:white_bed":13,"minecraft:spruce_log":11,"minecraft:barrel":1,"minecraft:spider_eye":1,"minecraft:dispenser":1,"minecraft:diamond":9,"minecraft:spruce_boat":3,"minecraft:granite":32,"minecraft:cherry_sapling":41,"minecraft:bread":2,"minecraft:oak_button":1,"minecraft:oak_sapling":65,"minecraft:netherrack":781,"minecraft:melon_seeds":5,"minecraft:coal":156}},"DataVersion":3953}