{"stats":{"minecraft:killed_by":{"minecraft:drowned":1,"minecraft:zombie":2},"minecraft:crafted":{"minecraft:stone_shovel":1,"minecraft:crafting_table":1,"minecraft:spruce_planks":44,"minecraft:stick":28,"minecraft:wooden_pickaxe":1,"minecraft:stone_pickaxe":1,"minecraft:wooden_axe":1,"minecraft:stone_sword":1,"minecraft:spruce_boat":1,"minecraft:stone_hoe":1,"minecraft:stone_axe":1,"minecraft:bread":21,"minecraft:wheat":99},"minecraft:picked_up":{"minecraft:crafting_table":3,"minecraft:raw_iron":7,"minecraft:torch":3,"minecraft:dandelion":2,"minecraft:spruce_sapling":1,"minecraft:white_bed":3,"minecraft:spruce_log":11,"minecraft:dirt":4,"minecraft:raw_copper":27,"minecraft:rotten_flesh":2,"minecraft:spruce_boat":1,"minecraft:hay_block":11,"minecraft:warped_sign":8,"minecraft:chest":2,"minecraft:coal":28,"minecraft:cobblestone":29},"minecraft:custom":{"minecraft:time_since_rest":3530,"minecraft:sprint_one_cm":57469,"minecraft:damage_taken":1410,"minecraft:walk_one_cm":265604,"minecraft:drop":2,"minecraft:damage_dealt":243,"minecraft:interact_with_crafting_table":5,"minecraft:fly_one_cm":137679,"minecraft:open_chest":2,"minecraft:crouch_one_cm":7762,"minecraft:play_time":106371,"minecraft:deaths":5,"minecraft:sneak_time":1868,"minecraft:walk_under_water_one_cm":3161,"minecraft:boat_one_cm":12464,"minecraft:jump":735,"minecraft:leave_game":11,"minecraft:walk_on_water_one_cm":2797,"minecraft:time_since_death":41793,"minecraft:sleep_in_bed":2,"minecraft:total_world_time":106371,"minecraft:fall_one_cm":14839},"minecraft:dropped":{"minecraft:wooden_axe":1,"minecraft:wooden_pickaxe":1},"minecraft:mined":{"minecraft:hay_block":11,"minecraft:white_bed":3,"minecraft:iron_ore":7,"minecraft:spruce_log":13,"minecraft:crafting_table":3,"minecraft:short_grass":4,"minecraft:grass_block":2,"minecraft:coal_ore":28,"minecraft:chest":2,"minecraft:copper_ore":8,"minecraft:stone":29},"minecraft:used":{"minecraft:spruce_boat":1,"minecraft:wooden_axe":9,"minecraft:bread":1,"minecraft:stone_shovel":1,"minecraft:stone_pickaxe":67,"minecraft:wooden_pickaxe":5,"minecraft:white_dye":16,"minecraft:warped_sign":22,"minecraft:glow_ink_sac":16,"minecraft:stone_axe":1,"minecraft:torch":30,"minecraft:dirt":238,"minecraft:mossy_cobblestone":219,"minecraft:crafting_table":3,"minecraft:cooked_porkchop":2,"minecraft:white_bed":2}},"DataVersion":3953}