{"stats":{"minecraft:mined":{"minecraft:tuff":5,"minecraft:spruce_planks":6,"minecraft:white_bed":9,"minecraft:farmland":1,"minecraft:deepslate_diamond_ore":4,"minecraft:cherry_log":60,"minecraft:cherry_sapling":2,"minecraft:obsidian":27,"minecraft:granite":22,"minecraft:grass_block":563,"minecraft:tuff_bricks":45,"minecraft:hay_block":18,"minecraft:furnace":1,"minecraft:iron_ore":33,"minecraft:polished_tuff":1,"minecraft:andesite":47,"minecraft:deepslate_lapis_ore":2,"minecraft:potatoes":8,"minecraft:rail":54,"minecraft:deepslate_iron_ore":36,"minecraft:stone":284,"minecraft:bone_block":1,"minecraft:deepslate_redstone_ore":4,"minecraft:kelp_plant":3,"minecraft:crafting_table":7,"minecraft:oak_fence":2,"minecraft:torch":3,"minecraft:short_grass":132,"minecraft:blast_furnace":1,"minecraft:chest":6,"minecraft:copper_ore":14,"minecraft:tall_grass":20,"minecraft:cobblestone":25,"minecraft:lapis_ore":2,"minecraft:sugar_cane":27,"minecraft:diorite":7,"minecraft:wall_torch":16,"minecraft:waxed_copper_bulb":2,"minecraft:spruce_log":13,"minecraft:waxed_copper_block":1,"minecraft:oak_log":20,"minecraft:coal_ore":109,"minecraft:cherry_leaves":10,"minecraft:gravel":59,"minecraft:dirt":120,"minecraft:sand":96,"minecraft:cobweb":68,"minecraft:dispenser":1,"minecraft:oak_leaves":15,"minecraft:deepslate":288},"minecraft:crafted":{"minecraft:cherry_planks":80,"minecraft:stone_shovel":1,"minecraft:furnace":2,"minecraft:flint_and_steel":1,"minecraft:cherry_trapdoor":6,"minecraft:iron_boots":1,"minecraft:bow":1,"minecraft:iron_axe":1,"minecraft:iron_hoe":2,"minecraft:stone_pickaxe":2,"minecraft:spruce_boat":1,"minecraft:stone_hoe":1,"minecraft:wheat":127,"minecraft:crafting_table":2,"minecraft:spruce_planks":44,"minecraft:wooden_pickaxe":1,"minecraft:iron_helmet":1,"minecraft:iron_sword":1,"minecraft:bucket":3,"minecraft:stone_axe":1,"minecraft:bread":42,"minecraft:air":0,"minecraft:iron_chestplate":1,"minecraft:diamond_pickaxe":1,"minecraft:shield":1,"minecraft:stick":104,"minecraft:iron_ingot":69,"minecraft:iron_pickaxe":3,"minecraft:wooden_axe":1,"minecraft:stone_sword":1,"minecraft:iron_shovel":4,"minecraft:iron_leggings":1,"minecraft:torch":220,"minecraft:shears":1},"minecraft:dropped":{"minecraft:oak_fence":2,"minecraft:cobblestone":4,"minecraft:stick":2,"minecraft:wooden_axe":1,"minecraft:stone_axe":1,"minecraft:stone_sword":1,"minecraft:stone_shovel":1,"minecraft:poppy":1,"minecraft:wooden_pickaxe":1},"minecraft:broken":{"minecraft:iron_shovel":3,"minecraft:stone_hoe":1,"minecraft:stone_pickaxe":2,"minecraft:iron_pickaxe":2,"minecraft:iron_hoe":1},"minecraft:killed_by":{"minecraft:drowned":1,"minecraft:zombie":2},"minecraft:used":{"minecraft:tuff_bricks":3,"minecraft:cherry_sapling":14,"minecraft:stone_sword":64,"minecraft:iron_shovel":1028,"minecraft:stone_shovel":13,"minecraft:bone_block":1,"minecraft:spruce_planks":13,"minecraft:chest":6,"minecraft:shield":40,"minecraft:iron_sword":98,"minecraft:warped_sign":22,"minecraft:stone_hoe":203,"minecraft:torch":227,"minecraft:dirt":348,"minecraft:obsidian":22,"minecraft:spruce_boat":2,"minecraft:iron_hoe":481,"minecraft:wooden_axe":9,"minecraft:iron_axe":41,"minecraft:cherry_trapdoor":6,"minecraft:melon_seeds":3,"minecraft:furnace":3,"minecraft:potato":48,"minecraft:wheat_seeds":42,"minecraft:water_bucket":14,"minecraft:stone_pickaxe":265,"minecraft:wooden_pickaxe":5,"minecraft:cherry_planks":5,"minecraft:white_dye":16,"minecraft:sugar_cane":51,"minecraft:glow_ink_sac":16,"minecraft:mossy_cobblestone":219,"minecraft:crafting_table":8,"minecraft:blast_furnace":1,"minecraft:white_bed":9,"minecraft:diamond_pickaxe":42,"minecraft:bread":47,"minecraft:iron_pickaxe":710,"minecraft:stone_axe":88,"minecraft:cobblestone":77,"minecraft:cooked_porkchop":2,"minecraft:bucket":16,"minecraft:waxed_copper_bulb":1},"minecraft:picked_up":{"minecraft:crafting_table":7,"minecraft:lead":4,"minecraft:string":67,"minecraft:raw_copper":45,"minecraft:cobbled_deepslate":280,"minecraft:spruce_planks":6,"minecraft:sugar_cane":51,"minecraft:chest":6,"minecraft:furnace":1,"minecraft:tipped_arrow":1,"minecraft:stick":23,"minecraft:raw_iron":69,"minecraft:oak_fence":2,"minecraft:torch":24,"minecraft:cherry_log":60,"minecraft:diorite":6,"minecraft:redstone":25,"minecraft:arrow":12,"minecraft:rotten_flesh":4,"minecraft:hay_block":17,"minecraft:warped_sign":8,"minecraft:tuff_bricks":44,"minecraft:obsidian":24,"minecraft:bone_block":1,"minecraft:cobblestone":306,"minecraft:rail":54,"minecraft:andesite":47,"minecraft:leather":4,"minecraft:potato":25,"minecraft:waxed_copper_bulb":2,"minecraft:flint":7,"minecraft:oak_log":20,"minecraft:waxed_copper_block":1,"minecraft:dirt":684,"minecraft:lapis_lazuli":22,"minecraft:bone":12,"minecraft:apple":1,"minecraft:kelp":8,"minecraft:wheat_seeds":42,"minecraft:glass_bottle":2,"minecraft:dandelion":2,"minecraft:poisonous_potato":1,"minecraft:gravel":55,"minecraft:sand":96,"minecraft:spruce_sapling":1,"minecraft:blast_furnace":1,"minecraft:white_bed":9,"minecraft:spruce_log":11,"minecraft:dispenser":1,"minecraft:diamond":4,"minecraft:spruce_boat":2,"minecraft:granite":21,"minecraft:cherry_sapling":41,"minecraft:bread":2,"minecraft:oak_button":1,"minecraft:oak_sapling":17,"minecraft:melon_seeds":3,"minecraft:coal":109},"minecraft:killed":{"minecraft:cave_spider":1,"minecraft:bogged":3,"minecraft:witch":1,"minecraft:skeleton":3,"minecraft:wandering_trader":2,"minecraft:trader_llama":4,"minecraft:pillager":2,"minecraft:zombie":6},"minecraft:custom":{"minecraft:mob_kills":23,"minecraft:interact_with_crafting_table":32,"minecraft:leave_game":14,"minecraft:time_since_death":327290,"minecraft:sprint_one_cm":353326,"minecraft:walk_one_cm":1181973,"minecraft:damage_blocked_by_shield":1590,"minecraft:drop":9,"minecraft:talked_to_villager":2,"minecraft:play_time":391868,"minecraft:deaths":5,"minecraft:sneak_time":2713,"minecraft:walk_under_water_one_cm":10784,"minecraft:boat_one_cm":18122,"minecraft:jump":3724,"minecraft:interact_with_blast_furnace":10,"minecraft:walk_on_water_one_cm":32798,"minecraft:total_world_time":391868,"minecraft:interact_with_furnace":17,"minecraft:sleep_in_bed":17,"minecraft:time_since_rest":33941,"minecraft:damage_taken":2993,"minecraft:damage_dealt":4666,"minecraft:swim_one_cm":856,"minecraft:fly_one_cm":671787,"minecraft:open_chest":81,"minecraft:crouch_one_cm":8932,"minecraft:fall_one_cm":76166,"minecraft:inspect_dispenser":4}},"DataVersion":3953}