{"stats":{"minecraft:killed_by":{"minecraft:zombie":2,"minecraft:drowned":1},"minecraft:crafted":{"minecraft:stone_shovel":1,"minecraft:crafting_table":1,"minecraft:spruce_planks":44,"minecraft:wooden_pickaxe":1,"minecraft:furnace":1,"minecraft:stone_axe":1,"minecraft:bread":21,"minecraft:air":0,"minecraft:stick":28,"minecraft:iron_ingot":7,"minecraft:iron_pickaxe":1,"minecraft:stone_pickaxe":2,"minecraft:wooden_axe":1,"minecraft:stone_sword":1,"minecraft:spruce_boat":1,"minecraft:torch":44,"minecraft:stone_hoe":1,"minecraft:wheat":99},"minecraft:picked_up":{"minecraft:crafting_table":3,"minecraft:dirt":12,"minecraft:raw_copper":43,"minecraft:kelp":8,"minecraft:wheat_seeds":9,"minecraft:spruce_planks":6,"minecraft:sugar_cane":8,"minecraft:chest":6,"minecraft:stick":15,"minecraft:raw_iron":7,"minecraft:torch":3,"minecraft:dandelion":2,"minecraft:cherry_log":60,"minecraft:spruce_sapling":1,"minecraft:blast_furnace":1,"minecraft:white_bed":6,"minecraft:spruce_log":11,"minecraft:rotten_flesh":2,"minecraft:spruce_boat":1,"minecraft:hay_block":17,"minecraft:cherry_sapling":33,"minecraft:warped_sign":8,"minecraft:melon_seeds":3,"minecraft:coal":70,"minecraft:cobblestone":40},"minecraft:custom":{"minecraft:interact_with_furnace":3,"minecraft:interact_with_crafting_table":9,"minecraft:leave_game":11,"minecraft:time_since_death":83793,"minecraft:sleep_in_bed":5,"minecraft:time_since_rest":7524,"minecraft:sprint_one_cm":138672,"minecraft:damage_taken":1530,"minecraft:walk_one_cm":444160,"minecraft:drop":2,"minecraft:damage_dealt":243,"minecraft:swim_one_cm":856,"minecraft:fly_one_cm":302097,"minecraft:open_chest":6,"minecraft:crouch_one_cm":7890,"minecraft:play_time":148371,"minecraft:deaths":5,"minecraft:sneak_time":1920,"minecraft:walk_under_water_one_cm":8351,"minecraft:boat_one_cm":12464,"minecraft:jump":1659,"minecraft:walk_on_water_one_cm":5714,"minecraft:total_world_time":148371,"minecraft:fall_one_cm":35851},"minecraft:dropped":{"minecraft:wooden_axe":1,"minecraft:wooden_pickaxe":1},"minecraft:used":{"minecraft:stone_shovel":3,"minecraft:stone_pickaxe":129,"minecraft:spruce_planks":13,"minecraft:wooden_pickaxe":5,"minecraft:white_dye":16,"minecraft:warped_sign":22,"minecraft:glow_ink_sac":16,"minecraft:torch":30,"minecraft:mossy_cobblestone":219,"minecraft:dirt":247,"minecraft:crafting_table":4,"minecraft:white_bed":5,"minecraft:spruce_boat":1,"minecraft:wooden_axe":9,"minecraft:bread":8,"minecraft:stone_axe":88,"minecraft:furnace":1,"minecraft:cooked_porkchop":2},"minecraft:mined":{"minecraft:spruce_planks":6,"minecraft:white_bed":6,"minecraft:kelp_plant":3,"minecraft:cherry_log":60,"minecraft:crafting_table":3,"minecraft:short_grass":4,"minecraft:blast_furnace":1,"minecraft:grass_block":8,"minecraft:chest":6,"minecraft:copper_ore":13,"minecraft:sugar_cane":4,"minecraft:hay_block":18,"minecraft:iron_ore":7,"minecraft:spruce_log":13,"minecraft:coal_ore":70,"minecraft:cherry_leaves":9,"minecraft:dirt":2,"minecraft:stone":40}},"DataVersion":3953}