{"stats":{"minecraft:killed_by":{"minecraft:zombie":2,"minecraft:drowned":1},"minecraft:picked_up":{"minecraft:rotten_flesh":2,"minecraft:torch":3,"minecraft:dandelion":2,"minecraft:warped_sign":8,"minecraft:dirt":3},"minecraft:custom":{"minecraft:time_since_rest":2770,"minecraft:damage_taken":1410,"minecraft:crouch_one_cm":7762,"minecraft:play_time":67251,"minecraft:sprint_one_cm":12858,"minecraft:deaths":5,"minecraft:walk_one_cm":210974,"minecraft:sneak_time":1868,"minecraft:walk_under_water_one_cm":3161,"minecraft:jump":294,"minecraft:damage_dealt":243,"minecraft:leave_game":8,"minecraft:walk_on_water_one_cm":2250,"minecraft:time_since_death":2673,"minecraft:total_world_time":67251,"minecraft:fall_one_cm":6032,"minecraft:fly_one_cm":55733},"minecraft:used":{"minecraft:torch":30,"minecraft:mossy_cobblestone":219,"minecraft:dirt":238,"minecraft:cooked_porkchop":1,"minecraft:white_dye":16,"minecraft:warped_sign":22,"minecraft:glow_ink_sac":16},"minecraft:mined":{"minecraft:short_grass":4,"minecraft:grass_block":1}},"DataVersion":3953}