{"stats":{"minecraft:killed_by":{"minecraft:drowned":1,"minecraft:zombie":2},"minecraft:crafted":{"minecraft:stone_shovel":1,"minecraft:crafting_table":1,"minecraft:spruce_planks":44,"minecraft:stick":28,"minecraft:wooden_pickaxe":1,"minecraft:stone_pickaxe":1,"minecraft:wooden_axe":1,"minecraft:stone_sword":1,"minecraft:spruce_boat":1,"minecraft:stone_hoe":1,"minecraft:stone_axe":1,"minecraft:bread":21,"minecraft:wheat":99},"minecraft:picked_up":{"minecraft:raw_iron":4,"minecraft:crafting_table":2,"minecraft:torch":3,"minecraft:dandelion":2,"minecraft:spruce_sapling":1,"minecraft:white_bed":2,"minecraft:spruce_log":11,"minecraft:dirt":3,"minecraft:raw_copper":27,"minecraft:rotten_flesh":2,"minecraft:spruce_boat":1,"minecraft:hay_block":11,"minecraft:warped_sign":8,"minecraft:chest":2,"minecraft:coal":25,"minecraft:cobblestone":27},"minecraft:custom":{"minecraft:time_since_rest":9891,"minecraft:sprint_one_cm":49115,"minecraft:damage_taken":1410,"minecraft:walk_one_cm":245885,"minecraft:drop":2,"minecraft:damage_dealt":243,"minecraft:interact_with_crafting_table":5,"minecraft:fly_one_cm":126707,"minecraft:open_chest":2,"minecraft:crouch_one_cm":7762,"minecraft:play_time":100401,"minecraft:deaths":5,"minecraft:sneak_time":1868,"minecraft:walk_under_water_one_cm":3161,"minecraft:boat_one_cm":12464,"minecraft:jump":635,"minecraft:leave_game":11,"minecraft:time_since_death":35823,"minecraft:walk_on_water_one_cm":2797,"minecraft:sleep_in_bed":1,"minecraft:total_world_time":100401,"minecraft:fall_one_cm":12540},"minecraft:dropped":{"minecraft:wooden_axe":1,"minecraft:wooden_pickaxe":1},"minecraft:mined":{"minecraft:hay_block":11,"minecraft:white_bed":2,"minecraft:iron_ore":4,"minecraft:spruce_log":13,"minecraft:crafting_table":2,"minecraft:short_grass":4,"minecraft:coal_ore":25,"minecraft:grass_block":1,"minecraft:chest":2,"minecraft:copper_ore":8,"minecraft:stone":27},"minecraft:used":{"minecraft:spruce_boat":1,"minecraft:wooden_axe":9,"minecraft:stone_pickaxe":59,"minecraft:wooden_pickaxe":5,"minecraft:white_dye":16,"minecraft:warped_sign":22,"minecraft:glow_ink_sac":16,"minecraft:torch":30,"minecraft:mossy_cobblestone":219,"minecraft:dirt":238,"minecraft:crafting_table":3,"minecraft:cooked_porkchop":2,"minecraft:white_bed":1}},"DataVersion":3953}